Symbol,Name,Last,Change,%Chg,"Options Vol.","% Call Options","% Put Options",Time
BAC,"Bank of America Corp",29.96,0.18,+0.60%,792356,66.1%,33.9%,"10:36 ET"
NFLX,"Netflix Inc",362.29,-38.19,-9.54%,315467,55.8%,44.2%,"10:36 ET"
FB,"Facebook Inc",207.58,0.35000000000002,+0.17%,264836,58.2%,41.8%,"10:35 ET"
AMZN,"Amazon.Com Inc",1819.86,-2.6300000000001,-0.14%,231098,56.7%,43.3%,"10:36 ET"
AAPL,"Apple Inc",190.36,-0.54999999999998,-0.29%,220434,61.0%,39.0%,"10:36 ET"
JPM,"JP Morgan Chase & Co",110.63,0.049999999999997,+0.05%,186148,71.4%,28.6%,"10:36 ET"
MSFT,"Microsoft Corp",105.13,0.22,+0.21%,183455,58.7%,41.3%,"10:36 ET"
CLF,"Cleveland-Cliffs Inc",8.31,0.11,+1.34%,181394,52.7%,47.3%,"10:36 ET"
AMD,"Adv Micro Devices",16.61,0.030000000000001,+0.18%,166615,69.6%,30.4%,"10:36 ET"
MU,"Micron Technology",56.55,0.4,+0.71%,166068,70.2%,29.8%,"10:36 ET"
TSLA,"Tesla Inc",313.3,3.2,+1.03%,147241,49.0%,51.0%,"10:35 ET"
C,"Citigroup Inc",69.68,0.22000000000001,+0.32%,143752,73.7%,26.3%,"10:36 ET"
IQ,"Iqiyi Inc. ADR",36.33,-0.6,-1.62%,102622,80.5%,19.5%,"10:35 ET"
TRCO,"Tribune Media Corp",33.75,1.63,+5.07%,100563,0.4%,99.6%,"10:35 ET"
GE,"General Electric Company",13.73,-0.17,-1.22%,98334,56.5%,43.5%,"10:36 ET"
T,"AT&T Inc",32.06,0.16,+0.50%,95849,64.9%,35.1%,"10:36 ET"
F,"Ford Motor Company",10.83,-0.02,-0.18%,86124,48.6%,51.4%,"10:35 ET"
SNAP,"Snap Inc",13.19,0.12,+0.92%,79998,60.2%,39.8%,"10:36 ET"
NVDA,"Nvidia Corp",249.63,1.43,+0.58%,78734,53.7%,46.3%,"10:35 ET"
BABA,"Alibaba Group Holding Ltd",190.1,-0.25,-0.13%,77619,65.5%,34.5%,"10:36 ET"
CMCSA,"Comcast Corp A",34.69,-0.28,-0.80%,76181,75.0%,25.0%,"10:35 ET"
NXPI,"Nxp Semiconductors",101.46,-2.59,-2.49%,71534,64.8%,35.2%,"10:35 ET"
GS,"Goldman Sachs Group",227.29,-4.15,-1.79%,70081,58.9%,41.1%,"10:36 ET"
WFC,"Wells Fargo & Company",56.77,-0.22,-0.39%,69046,73.2%,26.8%,"10:35 ET"
FOXA,"21st Centry Fox Class A",46.73,0.019999999999996,+0.04%,67992,61.6%,38.4%,"10:36 ET"
CSCO,"Cisco Systems Inc",42.36,-0.14,-0.33%,67452,65.5%,34.5%,"10:36 ET"
MS,"Morgan Stanley",48.99,0.090000000000003,+0.18%,66082,70.9%,29.1%,"10:36 ET"
TWTR,"Twitter Inc",44.61,0.35,+0.79%,62425,68.5%,31.5%,"10:36 ET"
CHK,"Chesapeake Energy Corp",4.74,-0.16,-3.27%,61015,64.1%,35.9%,"10:35 ET"
PBR,"Petroleo Brasileiro S.A. Petrobras",10.72,0.11,+1.04%,59592,45.1%,54.9%,"10:35 ET"
TGT,"Target Corp",77.89,0.68000000000001,+0.88%,59007,93.1%,6.9%,"10:36 ET"
GGP,"Ggp Inc",20.91,0.1,+0.48%,52740,47.9%,52.1%,"10:35 ET"
BA,"Boeing Company",355.8,-0.30000000000001,-0.08%,52547,63.2%,36.8%,"10:36 ET"
AVGO,"Broadcom Ltd",206.74,3.49,+1.72%,51857,65.9%,34.1%,"10:35 ET"
DIS,"Walt Disney Company",111.42,1.22,+1.11%,48341,69.3%,30.7%,"10:36 ET"
AABA,"Altaba Inc",74.44,-0.22,-0.29%,44597,56.4%,43.6%,"10:36 ET"
DB,"Deutsche Bank Ag",11.87,-0.27,-2.22%,43937,65.4%,34.6%,"10:35 ET"
JD,"Jd.Com Inc Ads",37.96,-0.079999999999998,-0.21%,43452,66.7%,33.3%,"10:35 ET"
MRO,"Marathon Oil Corp",19.92,-0.12,-0.60%,43197,48.7%,51.3%,"10:36 ET"
GOOGL,"Alphabet Class A",1194.79,-1.72,-0.14%,42945,68.0%,32.0%,"10:35 ET"
X,"United States Steel Corp",36.21,0.28,+0.78%,42087,59.8%,40.2%,"10:35 ET"
INTC,"Intel Corp",51.51,-0.5,-0.96%,40337,55.5%,44.5%,"10:35 ET"
SQ,Square,67.71,0.75999999999999,+1.14%,39451,59.3%,40.7%,"10:35 ET"
PG,"Procter & Gamble Company",79.99,0.45999999999999,+0.58%,38124,88.0%,12.0%,"10:36 ET"
ATVI,"Activision Blizzard",79.9,-0.33,-0.41%,37673,51.9%,48.1%,"10:35 ET"
AKRX,"Akorn Inc",16.79,-0.050000000000001,-0.30%,36930,58.5%,41.5%,"10:36 ET"
IPG,"Interpublic Group of Companies",22.72,-0.98,-4.14%,36893,66.7%,33.3%,"10:35 ET"
QCOM,"Qualcomm Inc",58.09,-0.26,-0.45%,35024,75.6%,24.4%,"10:36 ET"
QEP,"Qep Resources",12.03,-0.06,-0.50%,34576,36.1%,63.9%,"10:35 ET"
TEVA,"Teva Pharmaceutical Industries Ltd",23.24,-0.060000000000002,-0.26%,33831,73.2%,26.8%,"10:35 ET"
JNJ,"Johnson & Johnson",130.28,5.59,+4.48%,33442,62.3%,37.7%,"10:36 ET"
STZ,"Constellation Brands Inc",214.28,0.83000000000001,+0.39%,33345,63.7%,36.3%,"10:35 ET"
SBUX,"Starbucks Corp",51.15,0.21,+0.41%,33111,60.9%,39.1%,"10:36 ET"
XOM,"Exxon Mobil Corp",82.32,-0.17,-0.21%,31645,62.9%,37.1%,"10:36 ET"
CAT,"Caterpillar Inc",138.06,-0.02000000000001,-0.01%,29795,58.4%,41.6%,"10:36 ET"
ARNC,"Arconic Inc",19.02,-0.18,-0.94%,29474,72.6%,27.4%,"10:34 ET"
V,"Visa Inc",138.79,0.32999999999998,+0.24%,29178,77.1%,22.9%,"10:35 ET"
CSX,"CSX Corp",63.49,-0.51,-0.80%,29137,44.6%,55.4%,"10:36 ET"
CVX,"Chevron Corp",122.01,-0.97,-0.79%,28676,67.9%,32.1%,"10:36 ET"
WMT,"Wal-Mart Stores",88.2,0.56,+0.64%,28267,68.0%,32.0%,"10:36 ET"
HFC,"Hollyfrontier Corp",70.55,1.65,+2.39%,27664,93.0%,7.0%,"10:36 ET"
MO,"Altria Group",57.32,0.18,+0.32%,27633,46.9%,53.1%,"10:36 ET"
ECA,"Encana Corp",12.81,0.06,+0.47%,27510,58.5%,41.5%,"10:35 ET"
IBM,"International Business Machines",143.7,-1.76,-1.21%,26151,58.5%,41.5%,"10:35 ET"
FCX,"Freeport-Mcmoran Inc",16.88,0.11,+0.66%,25931,53.8%,46.2%,"10:35 ET"
JCP,"J.C. Penney Company Inc",2.41,0.0099999999999998,+0.41%,24864,29.0%,71.0%,"10:33 ET"
HBI,"Hanesbrands Inc",22.11,0.25,+1.14%,24703,4.8%,95.2%,"10:36 ET"
MMM,"3M Company",201.06,-0.050000000000011,-0.02%,23523,10.9%,89.1%,"10:35 ET"
ROKU,"Roku Inc",49.89,1.63,+3.38%,23293,44.9%,55.1%,"10:35 ET"
VFC,"V.F. Corp",88.81,0.010000000000005,+0.01%,22845,40.5%,59.5%,"10:36 ET"
P,"Pandora Media Inc",8.11,-0.12,-1.46%,22788,68.7%,31.3%,"10:35 ET"
AMAT,"Applied Materials",46.67,0.36,+0.78%,22730,60.2%,39.8%,"10:35 ET"
COP,Conocophillips,69.52,-1.06,-1.50%,22709,33.3%,66.7%,"10:35 ET"
FSLR,"First Solar Inc",53.95,-0.059999999999995,-0.11%,22368,82.8%,17.2%,"10:34 ET"
KSS,"Kohl's Corp",70.17,-0.48,-0.68%,22247,60.1%,39.9%,"10:36 ET"
DAL,"Delta Air Lines Inc",51.45,0.78,+1.54%,22048,44.6%,55.4%,"10:36 ET"
AAL,"American Airlines Gp",37.91,0.63,+1.69%,21690,67.5%,32.5%,"10:36 ET"
WLL,"Whiting Petroleum Corp",49.38,0.2,+0.41%,21572,56.9%,43.1%,"10:35 ET"
LVS,"Las Vegas Sands",73.97,-0.11,-0.15%,21086,27.0%,73.0%,"10:35 ET"
SBGI,"Sinclair Brdcst A",28.85,-0.25,-0.86%,21037,51.2%,48.8%,"10:35 ET"
VZ,"Verizon Communications Inc",51.91,0.31999999999999,+0.62%,20738,63.0%,37.0%,"10:36 ET"
ORCL,"Oracle Corp",48.43,-0.030000000000001,-0.06%,20533,63.5%,36.5%,"10:35 ET"
BP,"BP Plc",44.28,-0.34,-0.76%,20351,78.6%,21.4%,"10:36 ET"
GOOG,"Alphabet Class C",1181.99,-1.8699999999999,-0.16%,19785,60.0%,40.0%,"10:35 ET"
ADBE,"Adobe Systems Inc",255.24,0.56,+0.22%,19110,51.9%,48.1%,"10:36 ET"
RIG,"Transocean Inc",12.6,-0.5,-3.82%,18698,56.3%,43.7%,"10:35 ET"
WBA,"Walgreens Boots Alliance",65.04,-0.11999999999999,-0.18%,18686,19.5%,80.5%,"10:36 ET"
DE,"Deere & Company",136.77,0.5,+0.37%,18488,77.2%,22.8%,"10:35 ET"
OPK,"Opko Health Inc",6.17,0.12,+1.98%,18461,48.9%,51.1%,"10:35 ET"
PYPL,"Paypal Holdings",87.5,-0.27,-0.31%,17921,63.1%,36.9%,"10:35 ET"
MRVL,"Marvell Tech Group",21.25,0.1,+0.47%,17907,20.3%,79.7%,"10:35 ET"
SCHW,"The Charles Schwab Corp",53.34,2.28,+4.47%,17834,55.1%,44.9%,"10:36 ET"
OMC,"Omnicom Group Inc",72.36,-5.74,-7.35%,17817,9.2%,90.8%,"10:36 ET"
DNR,"Denbury Resources",4.54,-0.1,-2.16%,17807,18.7%,81.3%,"10:33 ET"
LOW,"Lowe's Companies",99.8,0.17,+0.17%,17461,84.3%,15.7%,"10:35 ET"
BIDU,"Baidu Inc",265.35,-1.73,-0.65%,17360,58.5%,41.5%,"10:36 ET"
UNH,"Unitedhealth Group Inc",248.26,-8.72,-3.39%,17241,48.8%,51.2%,"10:36 ET"
CRM,"Salesforce.Com Inc",146.37,-0.59,-0.40%,16632,50.4%,49.6%,"10:36 ET"
HD,"Home Depot",199.96,1.08,+0.54%,16503,59.3%,40.7%,"10:36 ET"
SLB,"Schlumberger N.V.",66.66,-0.76000000000001,-1.13%,16345,54.1%,45.9%,"10:35 ET"
PAGS,"Pagseguro Digital Ltd. Class A",26.5,-0.5,-1.85%,15676,95.3%,4.7%,"10:36 ET"
SNDR,"Schneider National Inc",26.17,0.040000000000003,+0.15%,15534,33.8%,66.2%,"10:35 ET"
MRK,"Merck & Company",62.62,0.029999999999994,+0.05%,15373,77.8%,22.2%,"10:36 ET"
MGM,"MGM Resorts International",31.09,-0.030000000000001,-0.10%,15345,51.3%,48.7%,"10:35 ET"
BPY,"Brookfield Property Partners L",19.11,-0.030000000000001,-0.16%,15265,50.0%,50.0%,"10:36 ET"
JBHT,"J B Hunt Transport",121.08,-0.049999999999997,-0.04%,15109,79.0%,21.0%,"10:36 ET"
HTZ,"Hertz Global Holdings Inc",13.88,0.11,+0.80%,15098,21.0%,79.0%,"10:35 ET"
MAS,"Masco Corp",37.92,0.23,+0.61%,15084,66.9%,33.1%,"10:36 ET"
HUBG,"Hub Group Inc A",48.65,-0.4,-0.82%,15014,33.4%,66.6%,"10:33 ET"
VALE,"Vale S.A.",13.15,0.16,+1.23%,14803,58.0%,42.0%,"10:35 ET"
DISH,"Dish Network Corp",32.2,-0.56,-1.71%,14775,16.3%,83.7%,"10:35 ET"
UPS,"United Parcel Service",110.08,-0.57000000000001,-0.52%,14398,71.1%,28.9%,"10:35 ET"
FDX,"Fedex Corp",230.91,0.72999999999999,+0.32%,14272,50.7%,49.3%,"10:36 ET"
AA,"Alcoa Corp",47.86,0.45,+0.95%,14133,50.4%,49.6%,"10:35 ET"
SKX,"Skechers U.S.A.",31.74,0.67,+2.16%,13994,78.3%,21.7%,"10:36 ET"
HIMX,"Himax Technologies",7.96,-0.21,-2.57%,13924,94.3%,5.7%,"10:34 ET"
MA,"Mastercard Inc",204.67,0.58999999999997,+0.29%,13834,42.9%,57.1%,"10:36 ET"
SWN,"Southwestern Energy Company",5.26,0.04,+0.77%,13729,38.1%,61.9%,"10:36 ET"
RCL,"Royal Caribbean Cruises Ltd",109.74,0.66,+0.61%,13681,84.6%,15.4%,"10:35 ET"
DVN,"Devon Energy Corp",44.09,-0.12,-0.27%,13644,72.1%,27.9%,"10:36 ET"
CELG,"Celgene Corp",85.92,0.69,+0.81%,13572,70.3%,29.7%,"10:36 ET"
CS,"Credit Suisse Group",15.13,-0.11,-0.72%,13550,99.1%,0.9%,"10:36 ET"
GLUU,"Glu Mobile Inc",6.21,0.05,+0.81%,13544,54.4%,45.6%,"10:35 ET"
HES,"Hess Corp",63.09,-0.79,-1.24%,13316,69.3%,30.7%,"10:36 ET"
GM,"General Motors Company",40.15,0.59,+1.49%,13296,68.1%,31.9%,"10:36 ET"
KMI,"Kinder Morgan",17.7,-0.1,-0.56%,13218,58.2%,41.8%,"10:36 ET"
WDC,"Western Digital Cp",78.56,0.13,+0.17%,13154,60.4%,39.6%,"10:34 ET"
PM,"Philip Morris International Inc",81.85,-0.070000000000007,-0.09%,13055,52.1%,47.9%,"10:36 ET"
HAL,"Halliburton Company",44.69,-0.27,-0.60%,12954,59.8%,40.2%,"10:36 ET"
ADTN,"Adtran Inc",15.85,-0.15,-0.94%,12512,98.3%,1.7%,"10:30 ET"
MCD,"McDonald's Corp",159.45,0.66999999999999,+0.42%,12413,39.9%,60.1%,"10:36 ET"
GILD,"Gilead Sciences Inc",77.35,0.089999999999989,+0.12%,12399,73.3%,26.7%,"10:35 ET"
NBR,"Nabors Industries",5.91,-0.12,-1.99%,12251,30.9%,69.1%,"10:33 ET"
PCG,"Pacific Gas & Electric Co",42.99,-0.049999999999997,-0.12%,12137,69.8%,30.2%,"10:34 ET"
BK,"Bank of New York Mellon Corp",53.87,0.16999999999999,+0.32%,12068,8.2%,91.8%,"10:35 ET"
VIPS,"Vipshop Holdings Ltd",10.01,-0.08,-0.79%,12054,12.2%,87.8%,"10:35 ET"
RTN,"Raytheon Company",199.23,-0.38000000000002,-0.19%,12047,57.1%,42.9%,"10:35 ET"
ABBV,"Abbvie Inc",96.03,-0.22,-0.23%,11914,58.9%,41.1%,"10:36 ET"
COST,"Costco Wholesale",215.48,0.63,+0.29%,11882,58.2%,41.8%,"10:35 ET"
PFE,"Pfizer Inc",37.59,0.21,+0.56%,11873,56.9%,43.1%,"10:35 ET"
CZR,"Caesars Entertainment Corp",11.57,-0.08,-0.69%,11851,89.7%,10.3%,"10:32 ET"
OXY,"Occidental Petroleum Corp",82.04,-0.48999999999999,-0.59%,11843,72.8%,27.2%,"10:36 ET"
EA,"Electronic Arts Inc",147.25,0.56999999999999,+0.39%,11798,53.4%,46.6%,"10:36 ET"
LULU,"Lululemon Athletica",129.05,1.79,+1.41%,11639,72.4%,27.6%,"10:34 ET"
M,"Macy's Inc",37.11,0.12,+0.32%,11639,63.3%,36.7%,"10:36 ET"
BKNG,"Booking Holdings Inc.",2034.85,14.85,+0.74%,11573,44.9%,55.1%,"10:35 ET"
SHOP,"Shopify Inc",166.25,0.90000000000001,+0.54%,11400,36.5%,63.5%,"10:35 ET"
MDXG,"Mimedx Group Inc",3.27,0.05,+1.55%,11388,17.7%,82.3%,"10:35 ET"
EBAY,"Ebay Inc",37.7,-0.029999999999994,-0.08%,11381,58.1%,41.9%,"10:36 ET"
AMGN,"Amgen Inc.",193.65,-1.23,-0.63%,11170,64.3%,35.7%,"10:36 ET"
PZZA,"Papa John's Intl",51.16,-0.25,-0.49%,11017,32.7%,67.3%,"10:34 ET"
AMTD,"TD Ameritrade HD",56.74,1.29,+2.33%,10786,16.9%,83.1%,"10:36 ET"
ZTO,"Zto Express [Cayman] Inc",21.96,-0.47,-2.10%,10741,91.1%,8.9%,"10:36 ET"
APA,"Apache Corp",45.31,-0.69,-1.50%,10713,55.4%,44.6%,"10:35 ET"
AZN,"Astrazeneca Plc",37.03,0.37,+1.01%,10619,85.5%,14.5%,"10:35 ET"
ZEN,"Zendesk Inc",59.82,0.41,+0.69%,10611,99.0%,1.0%,"10:30 ET"
BMY,"Bristol-Myers Squibb Company",56.56,0.13,+0.23%,10389,78.2%,21.8%,"10:35 ET"
AMRN,"Amarin Corp Ads",2.83,0.05,+1.80%,10369,93.0%,7.0%,"10:28 ET"
TSRO,"Tesaro Inc",40.17,-0.38,-0.94%,10212,22.0%,78.0%,"10:34 ET"
HMNY,"Helios and Matsn Ana",0.11,0.01,+9.09%,10132,79.3%,20.7%,"10:35 ET"
ENDP,"Endo Int'l Plc",10.81,0.25,+2.37%,10098,91.7%,8.3%,"10:36 ET"
BBY,"Best Buy Co",76.39,0.91,+1.21%,10046,28.2%,71.8%,"10:36 ET"
PEP,"Pepsico Inc",114.04,1.08,+0.96%,9843,60.4%,39.6%,"10:36 ET"
SWK,"Stanley Black & Decker Inc",134.31,-0.19999999999999,-0.15%,9743,30.8%,69.2%,"10:35 ET"
NTES,"Netease Inc Ads",265.68,-2.39,-0.89%,9662,37.1%,62.9%,"10:35 ET"
NKE,"Nike Inc",77.61,-0.14,-0.18%,9653,72.7%,27.3%,"10:35 ET"
AFL,"Aflac Incorporated",42.81,0.030000000000001,+0.07%,9635,8.6%,91.4%,"10:35 ET"
FC,"Franklin Covey Company",25,0.45,+1.83%,9510,98.6%,1.4%,"10:32 ET"
DBX,"Dropbox Inc",31.1,-1.17,-3.63%,9494,47.8%,52.2%,"10:36 ET"
GERN,"Geron Corp",3.49,0.05,+1.45%,9473,65.1%,34.9%,"10:35 ET"
AXP,"American Express Company",101.23,0.54000000000001,+0.54%,9473,49.1%,50.9%,"10:35 ET"
ABX,"Barrick Gold Corp",12.64,-0.18,-1.40%,9353,88.7%,11.3%,"10:36 ET"
UAL,"United Continental Holdings",72.65,0.39,+0.54%,9328,40.6%,59.4%,"10:36 ET"
LB,"L Brands Inc",32.35,0.33,+1.03%,9313,62.8%,37.2%,"10:35 ET"
MOMO,"Momo Inc Ads",44.71,0.33,+0.74%,9308,66.2%,33.8%,"10:35 ET"
I,"Intelsat S.A.",20.51,0.13,+0.64%,9239,43.4%,56.6%,"10:35 ET"
CCJ,"Cameco Corp",10.73,-0.049999999999999,-0.46%,9235,94.1%,5.9%,"10:35 ET"
KHC,"Kraft Heinz Co",63.09,0.45,+0.72%,9157,20.6%,79.4%,"10:36 ET"
RIO,"Rio Tinto Plc",54.31,0.67,+1.25%,9111,15.4%,84.6%,"10:35 ET"
STI,"Suntrust Banks",69.14,0.44,+0.64%,9013,14.3%,85.7%,"10:36 ET"
INNT,"Innovate Biopharmaceuticals Inc.",7.55,-0.53,-6.56%,8949,65.7%,34.3%,"10:34 ET"
NTGR,"Netgear Inc",78,0.3,+0.39%,8887,37.5%,62.5%,"10:31 ET"
RH,"Restoration Hardware Holdings",137.64,-0.050000000000011,-0.04%,8868,68.7%,31.3%,"10:31 ET"
TTM,"Tata Motors Ltd",18.58,0.079999999999998,+0.43%,8840,56.8%,43.2%,"10:35 ET"
WYNN,"Wynn Resorts Ltd",163.75,-2.28,-1.37%,8834,66.2%,33.8%,"10:35 ET"
DWDP,"Dowdupont Inc",66.23,0.51000000000001,+0.78%,8798,65.1%,34.9%,"10:36 ET"
BSX,"Boston Scientific Corp",33.57,0.42,+1.27%,8696,73.6%,26.4%,"10:35 ET"
GRPN,"Groupon Cl A",4.65,-0.05,-1.06%,8608,79.3%,20.7%,"10:36 ET"
LRCX,"Lam Research Corp",173.88,2.09,+1.22%,8571,67.2%,32.8%,"10:35 ET"
SFM,"Sprouts Farmers Mark",22.53,0.060000000000002,+0.27%,8546,4.4%,95.6%,"10:36 ET"
KO,"Coca-Cola Company",44.89,0.16,+0.36%,8453,58.2%,41.8%,"10:35 ET"
CMG,"Chipotle Mexican Grill",456.05,3.99,+0.88%,8365,48.8%,51.2%,"10:36 ET"
BBBY,"Bed Bath & Beyond",19.33,0.039999999999999,+0.21%,8323,31.5%,68.5%,"10:36 ET"
UNP,"Union Pacific Corp",138.31,-0.57999999999998,-0.42%,8218,56.8%,43.2%,"10:36 ET"
LMT,"Lockheed Martin Corp",317.53,-1.52,-0.48%,8137,59.5%,40.5%,"10:35 ET"
CVS,"CVS Corp",67.56,-0.67999999999999,-1.00%,8109,62.9%,37.1%,"10:36 ET"
ENB,"Enbridge Inc",34.88,-0.48,-1.36%,8089,98.8%,1.2%,"10:36 ET"
AKS,"AK Steel Holding Corp",4.68,0.14,+3.08%,7987,59.7%,40.3%,"10:34 ET"
BIIB,"Biogen Inc",353.71,0.68000000000001,+0.19%,7970,61.5%,38.5%,"10:35 ET"
ETFC,"E*Trade Finl Corp",60.9,0.99,+1.65%,7901,50.2%,49.8%,"10:36 ET"
TGTX,"Tg Therapeuticscmn",12.32,-0.08,-0.65%,7690,95.7%,4.3%,"10:33 ET"
AAOI,"Applied Optoelect",48.76,0.089999999999996,+0.18%,7676,51.6%,48.4%,"10:28 ET"
ABT,"Abbott Laboratories",62.6,0.82,+1.33%,7666,65.0%,35.0%,"10:36 ET"
MDLZ,"Mondelez Intl Cmn A",42.68,0.37,+0.87%,7571,33.3%,66.7%,"10:35 ET"
DG,"Dollar General Corp",99.74,0.61,+0.62%,7550,88.0%,12.0%,"10:35 ET"
BX,"The Blackstone Group LP",35.42,0.090000000000003,+0.25%,7407,76.3%,23.7%,"10:35 ET"
GPRO,"Gopro Inc Cl A",6.41,0.1,+1.58%,7400,54.2%,45.8%,"10:34 ET"
AMBA,"Ambarella Inc",38.51,0.89,+2.37%,7276,83.1%,16.9%,"10:35 ET"
OSTK,"Overstock.Com Inc",38.85,-0.1,-0.26%,7210,57.4%,42.6%,"10:33 ET"
PLNT,"Planet Fitness",48.94,0.16,+0.33%,7177,94.3%,5.7%,"10:35 ET"
QDEL,"Quidel Cp",69.93,0.33000000000001,+0.47%,7132,0.9%,99.1%,"10:27 ET"
FIT,"Fitbit Inc",6.74,0.07,+1.05%,7022,73.4%,26.6%,"10:35 ET"
ADSK,"Autodesk Inc",135.56,-0.68000000000001,-0.50%,7015,23.7%,76.3%,"10:34 ET"
ISRG,"Intuitive Surg Inc",519.38,1.3200000000001,+0.25%,6993,46.4%,53.6%,"10:34 ET"
EXPE,"Expedia Group Inc.",127.71,1.05,+0.83%,6937,72.2%,27.8%,"10:35 ET"
CRSP,"Crispr Therapeutics Ag",62.28,2.22,+3.70%,6909,36.9%,63.1%,"10:33 ET"
SPOT,"Spotify Technology S.A.",183.37,-0.84999999999999,-0.46%,6837,40.9%,59.1%,"10:35 ET"
LEN,"Lennar Corp",54.83,0.78,+1.44%,6831,66.3%,33.7%,"10:36 ET"
APC,"Anadarko Petroleum Corp",71.4,-1.44,-1.98%,6805,49.5%,50.5%,"10:35 ET"
SWKS,"Skyworks Solutions",100.52,0.75999999999999,+0.76%,6768,60.0%,40.0%,"10:34 ET"
TTWO,"Take-Two Interacti",126.25,0.36,+0.29%,6718,26.3%,73.7%,"10:32 ET"
PGR,"Progressive Corp",59.97,1.55,+2.65%,6646,26.5%,73.5%,"10:35 ET"
KR,"Kroger Company",28.32,0.33,+1.18%,6596,49.0%,51.0%,"10:34 ET"
PNC,"PNC Bank",141.95,1.06,+0.75%,6577,69.0%,31.0%,"10:35 ET"
GME,"Gamestop Corp",15.29,0.069999999999999,+0.46%,6546,56.8%,43.2%,"10:35 ET"
ESRX,"Express Scripts",80.09,-0.84,-1.04%,6511,5.6%,94.4%,"10:35 ET"
DLTR,"Dollar Tree Inc",87.23,1.14,+1.32%,6412,68.4%,31.6%,"10:36 ET"
AUY,"Yamana Gold",2.88,-0.04,-1.37%,6371,78.9%,21.1%,"10:35 ET"
CTRP,"Ctrip.Com Intl Ltd",44.58,0.21,+0.47%,6300,43.6%,56.4%,"10:36 ET"
GG,"Goldcorp Inc",13.06,-0.07,-0.53%,6266,64.2%,35.8%,"10:36 ET"
FHN,"First Horizon National Corp",17.39,-0.5,-2.79%,6248,4.8%,95.2%,"10:36 ET"
LNG,"Cheniere Energy",61.85,0.86,+1.41%,6227,47.6%,52.4%,"10:35 ET"
UAA,"Under Armour",21.66,0.1,+0.46%,6213,68.9%,31.1%,"10:35 ET"
SOHU,"Sohu.Com Inc",33.73,-0.030000000000001,-0.09%,6211,99.5%,0.5%,"10:34 ET"
TNDM,"Tandem Diabetes Care",26.4,-0.53,-1.97%,6183,89.3%,10.7%,"10:35 ET"
EPC,"Edgewell Personal Care",52.38,0.54,+1.04%,6175,99.6%,0.4%,"10:34 ET"
CTB,"Cooper Tire & Rubber Company",25.15,-0.050000000000001,-0.20%,6163,2.3%,97.7%,"10:35 ET"
ITUB,"Itau Unibanco Banco Holding S.A.",11.6,0.19,+1.67%,6130,35.2%,64.8%,"10:34 ET"
RHT,"Red Hat Inc",146.59,0.37,+0.25%,6127,64.2%,35.8%,"10:36 ET"
MELI,"Mercadolibre Inc",349.57,6.32,+1.84%,6083,59.9%,40.1%,"10:35 ET"
GIII,"G-III Apparel Gp I",46.64,0.84,+1.83%,6078,100.0%,0.0%,"10:32 ET"
HPE,"Hewlett Packard Enterprise Comp",15.7,0.059999999999999,+0.38%,6062,55.7%,44.3%,"10:35 ET"
GPS,"Gap Inc",29.64,0.16,+0.54%,6014,39.0%,61.0%,"10:36 ET"
FEYE,"Fireeye Inc",16.77,0.009999999999998,+0.06%,5995,51.1%,48.9%,"10:34 ET"
CPB,"Campbell Soup Company",41.08,0.5,+1.23%,5993,79.4%,20.6%,"10:36 ET"
CL,"Colgate-Palmolive Company",65.58,-0.040000000000006,-0.06%,5975,49.0%,51.0%,"10:35 ET"
CTL,Centurylink,19.76,0.15,+0.76%,5947,49.6%,50.4%,"10:35 ET"
NE,"Noble Corp",6.15,-0.11,-1.76%,5907,84.4%,15.6%,"10:35 ET"
SYF,"Synchrony Financial",32.82,0.26,+0.80%,5904,23.4%,76.6%,"10:35 ET"
HON,"Honeywell International Inc",146.29,-0.11000000000001,-0.08%,5843,63.6%,36.4%,"10:35 ET"
OLED,"Universal Display",95.8,0.45,+0.47%,5842,70.1%,29.9%,"10:35 ET"
MDT,"Medtronic Inc",88.33,0.59999999999999,+0.68%,5835,67.8%,32.2%,"10:36 ET"
GT,"Goodyear Tire Rubber",21.83,-0.59,-2.63%,5815,23.9%,76.1%,"10:35 ET"
BB,"Blackberry Ltd",9.94,-0.16,-1.58%,5806,71.5%,28.5%,"10:35 ET"
GIS,"General Mills",44.23,0.27,+0.61%,5780,54.5%,45.5%,"10:36 ET"
COG,"Cabot Oil & Gas Corp",23.72,0.02,+0.08%,5771,75.7%,24.3%,"10:35 ET"
MNST,"Monster Beverage Cp",61.44,0.37,+0.61%,5758,57.0%,43.0%,"10:35 ET"
VLO,"Valero Energy Corp",106.9,0.60000000000001,+0.56%,5718,80.0%,20.0%,"10:35 ET"
MLCO,"Melco Resorts & Entertainment",24.9,-0.35,-1.39%,5668,36.6%,63.4%,"10:35 ET"
PEGI,"Pattern Energy Cl A",17.95,-0.010000000000002,-0.06%,5610,90.2%,9.8%,"10:34 ET"
BLK,Blackrock,502.65,-1.31,-0.26%,5594,58.4%,41.6%,"10:33 ET"
KORS,"Michael Kors Holdings Ltd",67.8,0.63,+0.94%,5584,56.0%,44.0%,"10:35 ET"
WWE,"World Wrestling Entertainment",79.4,0.010000000000005,+0.01%,5573,87.2%,12.8%,"10:33 ET"
AG,"First Majestic Silver",7.01,-0.42,-5.65%,5477,71.7%,28.3%,"10:36 ET"
NVRO,"Nevro Corp",58.8,0.089999999999996,+0.15%,5442,53.7%,46.3%,"10:36 ET"
GOGO,"Gogo Inc",3.82,0.06,+1.60%,5415,60.5%,39.5%,"10:33 ET"
FTI,"Technipfmc Plc",30.52,-0.059999999999999,-0.20%,5401,95.1%,4.9%,"10:36 ET"
URI,"United Rentals",153.07,1.32,+0.87%,5374,52.5%,47.5%,"10:36 ET"
GPI,"Group 1 Automotive",67.5,2.12,+3.24%,5346,71.7%,28.3%,"10:33 ET"
AVEO,"Aveo Pharmaceuticals",2.34,-0.51,-17.89%,5341,79.7%,20.3%,"10:36 ET"
EXPR,"Express Inc",9.71,0.07,+0.73%,5333,3.1%,96.9%,"10:36 ET"
CRC,"California Resources Corporatio",38.85,-0.72,-1.82%,5333,38.2%,61.8%,"10:36 ET"
JAG,"Jagged Peak Energy Inc",14.08,-0.0099999999999998,-0.07%,5300,99.5%,0.5%,"10:35 ET"
AGN,"Allergan Plc",175.26,-0.40000000000001,-0.23%,5269,58.0%,42.0%,"10:35 ET"
WPZ,"Williams Partners LP",41.03,0.009999999999998,+0.02%,5121,98.7%,1.3%,"10:36 ET"
CLVS,"Clovis Oncology Inc",46.35,0.41,+0.89%,5117,89.2%,10.8%,"10:30 ET"
PANW,"Palo Alto Networks Inc",215.58,1.22,+0.57%,5096,45.6%,54.4%,"10:35 ET"
BGCP,"Bgc Partners Cl A",11.05,-0.02,-0.18%,5046,99.0%,1.0%,"10:32 ET"
SGMO,"Sangamo Therapeutics",15.2,0.85,+5.92%,5004,81.9%,18.1%,"10:35 ET"
RES,"RPC Inc",14.82,0.09,+0.61%,4994,100.0%,0.0%,"10:36 ET"
NEM,"Newmont Mining Corp",36.69,0.19,+0.52%,4954,70.3%,29.7%,"10:35 ET"
JNPR,"Juniper Networks",27.94,0.080000000000002,+0.29%,4931,48.9%,51.1%,"10:36 ET"
ADS,"Alliance Data Systems Corp",223.2,4.23,+1.93%,4788,52.7%,47.3%,"10:36 ET"
RRD,"Donnelley [R.R.] & Sons Co",5.56,-0.02,-0.36%,4770,97.0%,3.0%,"10:33 ET"
CI,"Cigna Corp",168.72,-3.63,-2.11%,4725,83.6%,16.4%,"10:34 ET"
TRXC,"Transenterix Inc",4.93,0.2,+4.23%,4670,91.7%,8.3%,"10:35 ET"
CF,"Cf Industries Holdings",42.65,0.41,+0.97%,4664,68.7%,31.3%,"10:36 ET"
WFT,"Weatherford International Ltd",3.33,-0.07,-2.06%,4647,36.0%,64.0%,"10:35 ET"
UTX,"United Technologies Corp",130.56,1.58,+1.22%,4581,78.1%,21.9%,"10:36 ET"
TJX,"TJX Companies",95.77,0.58,+0.61%,4543,93.4%,6.6%,"10:35 ET"
KEM,"Kemet Corp",29.32,0.41,+1.42%,4518,86.7%,13.3%,"10:31 ET"
BZUN,"Baozun Inc Ads",61.2,-0.91999999999999,-1.48%,4510,60.0%,40.0%,"10:35 ET"
VRTX,"Vertex Pharmaceutic",181.78,0.56,+0.31%,4471,46.1%,53.9%,"10:36 ET"
NOK,"Nokia Corp",5.82,-0.06,-1.02%,4460,58.0%,42.0%,"10:35 ET"
EPD,"Enterprise Products Partners LP",28.2,0.02,+0.07%,4452,86.8%,13.2%,"10:29 ET"
AXTA,"Axalta Coating Systems Ltd",29.74,0.079999999999998,+0.27%,4426,99.9%,0.1%,"10:35 ET"
PAAS,"Pan Amer Silver Corp",16.31,0.029999999999998,+0.18%,4425,31.0%,69.0%,"10:35 ET"
STM,"Stmicroelectronics N.V.",22.86,0.12,+0.53%,4365,91.2%,8.8%,"10:35 ET"
APRN,"Blue Apron Holdings Inc",3.6,-0.14,-3.74%,4360,71.6%,28.4%,"10:34 ET"
SFIX,"Stitch Fix Inc",33,-0.030000000000001,-0.09%,4358,60.3%,39.7%,"10:36 ET"
NEPT,"Neptune Tech",3.08,0.03,+0.97%,4245,95.7%,4.3%,"10:33 ET"
AIG,"American International Group",54.8,0.029999999999994,+0.05%,4229,65.4%,34.6%,"10:35 ET"
EDU,"New Oriental Education & Technology Group",95.64,0.26000000000001,+0.27%,4226,91.3%,8.7%,"10:34 ET"
ZS,"Zscaler Inc.",40.71,-0.41,-1.00%,4207,60.6%,39.4%,"10:34 ET"
GLNG,"Golar Lng Ltd",26.87,-0.09,-0.33%,4206,77.7%,22.3%,"10:34 ET"
TXN,"Texas Instruments",113.84,-0.72,-0.63%,4149,70.8%,29.2%,"10:35 ET"
KMB,"Kimberly-Clark Corp",106.03,0.63,+0.60%,4143,58.7%,41.3%,"10:35 ET"
CSOD,"Cornerstone Ondemand",54.11,1.7,+3.24%,4142,99.4%,0.6%,"10:30 ET"
FL,"Footlocker Inc",52.94,0.13,+0.25%,4135,31.0%,69.0%,"10:36 ET"
NSC,"Norfolk Southern Corp",154.05,-1.18,-0.76%,4104,21.7%,78.3%,"10:35 ET"
GDDY,"Godaddy Inc",77.54,0.38000000000001,+0.49%,4056,92.4%,7.6%,"10:34 ET"
LLY,"Eli Lilly and Company",89.59,0.52000000000001,+0.58%,4052,76.4%,23.6%,"10:36 ET"
RF,"Regions Financial Corp",17.7,0.19,+1.09%,4025,40.5%,59.5%,"10:36 ET"
CBS,"CBS Corp",58.59,-0.23999999999999,-0.41%,4022,91.6%,8.4%,"10:35 ET"
LUV,"Southwest Airlines Company",53.6,0.52,+0.98%,4010,63.3%,36.7%,"10:36 ET"
BG,"Bunge Ltd",68.19,0.53,+0.78%,3984,44.3%,55.7%,"10:35 ET"
NUAN,"Nuance Communicatns",15.35,0.13,+0.85%,3982,96.2%,3.8%,"10:32 ET"
PTC,"Ptc Inc",98.51,0.36,+0.37%,3965,26.2%,73.8%,"10:35 ET"
FIVE,"Five Below Inc",103.02,-0.41000000000001,-0.40%,3950,81.0%,19.0%,"10:33 ET"
CCL,"Carnival Corp",58.49,0.090000000000003,+0.15%,3942,36.5%,63.5%,"10:35 ET"
WB,"Weibo Corp Ads",89.86,-0.41,-0.45%,3936,45.5%,54.5%,"10:35 ET"
VMW,"Vmware Inc",155.48,0.23999999999998,+0.15%,3932,63.6%,36.4%,"10:36 ET"
WSM,Williams-Sonoma,61.61,0.31,+0.51%,3919,23.1%,76.9%,"10:35 ET"
LCI,"Lannett Co Inc",13.2,0.65,+5.18%,3893,33.5%,66.5%,"10:31 ET"
NRG,"NRG Energy",32.58,0.43,+1.34%,3862,12.5%,87.5%,"10:36 ET"
KGC,"Kinross Gold Corp",3.73,0.04,+1.07%,3858,42.8%,57.2%,"10:28 ET"
AR,"Antero Resources Corp",21.37,-0.050000000000001,-0.23%,3823,98.9%,1.1%,"10:36 ET"
WDAY,"Workday Inc",132,-0.88,-0.66%,3768,54.0%,46.0%,"10:35 ET"
YELP,"Yelp Inc",40.83,0.53,+1.32%,3746,18.3%,81.7%,"10:35 ET"
MPC,"Marathon Petroleum Corp",71.93,0.51000000000001,+0.71%,3721,76.9%,23.1%,"10:36 ET"
ETP,"Energy Transfer Partners",19.18,-0.14,-0.72%,3676,86.8%,13.2%,"10:33 ET"
GOOS,"Canada Goose Holdings Inc Subordinate Voting Sh",62.18,1.06,+1.73%,3672,56.3%,43.7%,"10:36 ET"
REGN,"Regeneron Pharmaceutical",366.25,1.5,+0.41%,3661,57.0%,43.0%,"10:36 ET"
DHI,"D.R. Horton",42.64,0.66,+1.57%,3614,82.4%,17.6%,"10:36 ET"
ALGN,"Align Technology I",363.93,1.65,+0.46%,3605,41.4%,58.6%,"10:35 ET"
VEEV,"Veeva Systems Inc",82.37,0.14,+0.17%,3603,97.2%,2.8%,"10:36 ET"
OAS,"Oasis Petroleum Inc",11.85,-0.050000000000001,-0.42%,3597,73.6%,26.4%,"10:34 ET"
HAIN,"Hain Celestial Grp",29.65,0.25,+0.85%,3581,85.2%,14.8%,"10:34 ET"
USB,"U.S. Bancorp",51.44,0.14,+0.27%,3570,66.9%,33.1%,"10:36 ET"
DHR,"Danaher Corp",98.38,0.20999999999999,+0.21%,3555,51.8%,48.2%,"10:35 ET"
PXD,"Pioneer Natural Resources Co",180.52,-2.48,-1.36%,3543,31.3%,68.7%,"10:36 ET"
TROX,"Tronox Inc",18.7,0.24,+1.30%,3489,58.7%,41.3%,"10:35 ET"
SYMC,"Symantec Corp",21.54,-0.010000000000002,-0.05%,3445,86.1%,13.9%,"10:34 ET"
TWLO,Twilio,63.41,2.27,+3.71%,3408,55.7%,44.3%,"10:35 ET"
ALK,"Alaska Air Group",62.14,0.73,+1.19%,3374,66.2%,33.8%,"10:36 ET"
KKR,"KKR & Co. LP",26.78,0.18,+0.68%,3366,26.8%,73.2%,"10:35 ET"
AKAO,"Achaogen Inc",7.3,0.24,+3.40%,3358,69.0%,31.0%,"10:35 ET"
NTNX,"Nutanix Inc",56.81,0.27,+0.48%,3350,67.1%,32.9%,"10:34 ET"
MOS,"Mosaic Company",28.04,0.059999999999999,+0.21%,3340,95.4%,4.6%,"10:36 ET"
XRX,"Xerox Corp",24.99,0.02,+0.08%,3335,72.7%,27.3%,"10:35 ET"
NBIX,"Neurocrine Bioscienc",103.2,1.86,+1.84%,3304,95.6%,4.4%,"10:34 ET"
WPX,"Wpx Energy Inc",18.5,0.07,+0.38%,3295,20.5%,79.5%,"10:36 ET"
STX,"Seagate Tech Ord Shs",57.93,-0.52,-0.89%,3286,61.8%,38.2%,"10:35 ET"
SHAK,"Shake Shack Inc",66.09,0.24000000000001,+0.36%,3265,66.6%,33.4%,"10:33 ET"
SYK,"Stryker Corp",174.64,1.22,+0.70%,3261,88.4%,11.6%,"10:36 ET"
IP,"International Paper Company",52.36,-0.1,-0.19%,3260,73.0%,27.0%,"10:35 ET"
RAD,"Rite Aid Corp",1.65,0.01,+0.61%,3255,68.4%,31.6%,"10:34 ET"
EOG,"Eog Resources",122.69,-1.92,-1.54%,3254,48.9%,51.1%,"10:36 ET"
ANF,"Abercrombie & Fitch Company",26.05,0.48,+1.88%,3249,60.4%,39.6%,"10:35 ET"
AVP,"Avon Products",1.45,0.02,+1.40%,3226,16.5%,83.5%,"10:36 ET"
CYH,"Community Health Systems",2.69,0,unch,3222,88.9%,11.1%,"10:34 ET"
OKE,"Oneok Inc",70.04,0.030000000000001,+0.04%,3139,65.7%,34.3%,"10:36 ET"
ZGNX,"Zogenix Inc",61.55,0.59999999999999,+0.98%,3130,85.2%,14.8%,"10:31 ET"
SOGO,"Sogou Inc",11.61,0.48,+4.31%,3128,89.8%,10.2%,"10:36 ET"
IGT,"International Game Technology",24.56,0.16,+0.66%,3126,61.6%,38.4%,"10:35 ET"
RRC,"Range Resources Corp",16.23,0.09,+0.56%,3118,74.0%,26.0%,"10:36 ET"
XPO,"Xpo Logistics Inc",99.66,0.59,+0.60%,3084,60.9%,39.1%,"10:36 ET"
CBIO,"Catalyst Bio",12.18,-0.030000000000001,-0.25%,3077,51.3%,48.7%,"10:28 ET"
VOD,"Vodafone Grp Plc Ads",23.91,-0.31,-1.28%,3063,54.4%,45.6%,"10:36 ET"
NWL,"Newell Rubbermaid Inc",27.67,-0.099999999999998,-0.36%,3046,60.6%,39.4%,"10:35 ET"
GNC,"GNC Holdings Inc",3.24,0.01,+0.31%,3044,60.9%,39.1%,"10:28 ET"
CMA,"Comerica Inc",92,1.3,+1.43%,3037,41.4%,58.6%,"10:36 ET"
SN,"Sanchez Energy Corp",4.88,-0.04,-0.81%,3033,67.0%,33.0%,"10:34 ET"
LL,"Lumber Liquidators Holdings Inc",25.61,0.15,+0.59%,3027,18.1%,81.9%,"10:34 ET"
WTW,"Weight Watchers International Inc",91.45,0.7,+0.77%,3022,65.5%,34.5%,"10:36 ET"
FTR,"Frontier Commun Cp",5.13,0.16,+3.22%,2985,64.6%,35.4%,"10:36 ET"
SRPT,"Sarepta Therapeutics",138.88,2.2,+1.61%,2978,81.3%,18.7%,"10:34 ET"
ETE,"Energy Transfer Equity LP",17.04,-0.010000000000002,-0.06%,2972,27.1%,72.9%,"10:35 ET"
FDC,"First Data Corp",22.51,0.26,+1.17%,2970,79.8%,20.2%,"10:36 ET"
CME,"CME Group Inc",168.02,-0.19999999999999,-0.12%,2958,52.6%,47.4%,"10:35 ET"
ERI,"Eldorado Resorts",45.1,0.25,+0.56%,2947,72.6%,27.4%,"10:35 ET"
SGYP,"Synergy Pharma",1.93,0.04,+2.12%,2935,76.6%,23.4%,"10:27 ET"
HL,"Hecla Mining Company",3.45,0.02,+0.58%,2895,96.2%,3.8%,"10:33 ET"
HPQ,"Hewlett-Packard Company",23.56,-0.010000000000002,-0.04%,2883,74.8%,25.2%,"10:35 ET"
YNDX,"Yandex N.V.",38.04,0.49,+1.30%,2866,32.6%,67.4%,"10:36 ET"
GALT,"Galectin Therapeutic",6.07,0.010000000000001,+0.17%,2861,88.5%,11.5%,"10:32 ET"
WPM,"Wheaton Precious Metals",21.79,-0.27,-1.22%,2858,76.4%,23.6%,"10:35 ET"
TRIP,"Tripadvisor Inc",59.56,0.21,+0.35%,2817,87.7%,12.3%,"10:35 ET"
BURL,"Burlington Stores Inc",151.19,2.06,+1.38%,2808,36.7%,63.3%,"10:36 ET"
FCAU,"Fiat Chrysler Automobiles N.V.",19.45,0.02,+0.10%,2798,89.0%,11.0%,"10:36 ET"
HSBC,"HSBC Holdings Plc",47.2,-0.3,-0.63%,2791,45.0%,55.0%,"10:35 ET"
NXST,"Nexstar Broadcasting",79.55,0.84999999999999,+1.08%,2787,59.4%,40.6%,"10:33 ET"
TXT,"Textron Inc",66.66,-0.02000000000001,-0.03%,2778,11.0%,89.0%,"10:36 ET"
ANET,"Arista Networks Inc",271.92,1.08,+0.40%,2776,56.4%,43.6%,"10:27 ET"
SPWR,"Sunpower Corp",7.57,-0.21,-2.70%,2762,47.6%,52.4%,"10:35 ET"
ACN,"Accenture Plc",167.9,0.26000000000002,+0.16%,2734,53.0%,47.0%,"10:34 ET"
EDIT,"Editas Medicine",35.85,0.65,+1.85%,2727,40.0%,60.0%,"10:30 ET"
COF,"Capital One Financial Corp",96.18,0.27000000000001,+0.28%,2720,50.3%,49.7%,"10:35 ET"
DOV,"Dover Corp",73.91,-0.19,-0.26%,2704,50.3%,49.7%,"10:35 ET"
NTAP,"Netapp Inc",82.68,0.83000000000001,+1.01%,2695,57.7%,42.3%,"10:35 ET"
HCLP,"Hi-Crush Partners LP",11.65,-0.1,-0.85%,2688,64.8%,35.2%,"10:29 ET"
PRU,"Prudential Financial Inflation Retail",96.47,0.17,+0.18%,2682,43.4%,56.6%,"10:36 ET"
IRBT,"Irobot Corp",79.24,0.19999999999999,+0.25%,2682,28.1%,71.9%,"10:35 ET"
MNKD,"Mannkind Corp",1.64,0,unch,2678,84.2%,15.8%,"10:33 ET"
BOX,"Box Inc",26.98,0.62,+2.35%,2677,61.9%,38.1%,"10:35 ET"
MHK,"Mohawk Industries",224.08,2.56,+1.16%,2642,3.3%,96.7%,"10:34 ET"
EXEL,"Exelixis Inc",21.25,0.18,+0.85%,2630,89.5%,10.5%,"10:35 ET"
CMI,"Cummins Inc",135.61,0.93000000000001,+0.69%,2628,39.2%,60.8%,"10:33 ET"
TLRD,"Tailored Brands Inc",22.44,0.58,+2.65%,2617,44.7%,55.3%,"10:35 ET"
CAR,"Avis Budget Group I",32.36,0.57,+1.79%,2599,42.4%,57.6%,"10:35 ET"
CLR,"Continental Resources",60.49,-0.46,-0.75%,2584,63.6%,36.4%,"10:36 ET"
EGHT,"8X8 Inc",21.15,0.2,+0.95%,2574,14.6%,85.4%,"10:32 ET"
ALXN,"Alexion Pharm Inc",135.87,1.29,+0.96%,2569,77.0%,23.0%,"10:34 ET"
FANG,"Diamondback Energy",129.23,-0.76000000000002,-0.58%,2567,49.8%,50.2%,"10:36 ET"
RIOT,"Riot Blockchain Inc",4.61,0.04,+0.88%,2562,57.8%,42.2%,"10:31 ET"
EXAS,"Exact Sciences Cor",64.99,0.33,+0.51%,2559,39.2%,60.8%,"10:35 ET"
ASH,"Ashland Global Holdings Inc",80.39,0.53,+0.66%,2558,72.2%,27.8%,"10:34 ET"
BERY,"Berry Global Group",47.08,0.14,+0.30%,2530,97.9%,2.1%,"10:36 ET"
CCK,"Crown Cork & Seal Company",44.97,0.22,+0.49%,2529,88.7%,11.3%,"10:36 ET"
TSM,"Taiwan Semiconductor Manufacturing",37.71,-0.079999999999998,-0.21%,2511,78.5%,21.5%,"10:36 ET"
NUE,"Nucor Corp",64.34,0.33,+0.52%,2496,61.9%,38.1%,"10:35 ET"
NOC,"Northrop Grumman Corp",321.06,0.73000000000002,+0.23%,2475,60.1%,39.9%,"10:33 ET"
NLY,"Annaly Capital Management Inc",10.38,0.0099999999999998,+0.10%,2470,48.0%,52.0%,"10:35 ET"
RRR,"Rd Rock Rsrts Cla",35.69,-0.020000000000003,-0.06%,2465,0.6%,99.4%,"10:35 ET"
ULTA,"Ulta Salon Cosmetic",256.21,0.70999999999998,+0.28%,2462,50.3%,49.7%,"10:32 ET"
CRK,"Comstock Resources",10.8,-0.39,-3.49%,2460,67.5%,32.5%,"10:25 ET"
SIRI,"Sirius XM Holdings I",7.04,-0.04,-0.57%,2457,62.1%,37.9%,"10:35 ET"
SYNT,"Syntel Inc",37.51,0.019999999999996,+0.05%,2446,81.2%,18.8%,"10:35 ET"
ADM,"Archer Daniels Midland Company",47.72,0.55,+1.17%,2435,64.4%,35.6%,"10:35 ET"
YY,"YY Inc",96.43,-2.46,-2.49%,2427,63.6%,36.4%,"10:34 ET"
FNSR,"Finisar Corp",17.89,-0.079999999999998,-0.45%,2405,81.8%,18.2%,"10:35 ET"
GD,"General Dynamics Corp",191.2,-0.30000000000001,-0.16%,2395,69.1%,30.9%,"10:33 ET"
MYL,"Mylan Nv Ord Shs",36.35,-0.049999999999997,-0.14%,2382,41.4%,58.6%,"10:35 ET"
VKTX,"Viking Thera",10.54,-0.32,-2.95%,2358,63.9%,36.1%,"10:35 ET"
KNX,"Knight-Swift Transporation Inc",36.21,-0.15,-0.41%,2353,76.2%,23.8%,"10:36 ET"
IVZ,"Invesco Plc",25.37,-0.13,-0.51%,2337,49.1%,50.9%,"10:36 ET"
ON,"On Semiconductor",23.25,-0.050000000000001,-0.21%,2321,24.3%,75.7%,"10:35 ET"
ESV,"Ensco Plc",7.16,-0.18,-2.45%,2317,64.0%,36.0%,"10:36 ET"
SEDG,"Solaredge Tech",54.8,0.4,+0.74%,2303,67.7%,32.3%,"10:35 ET"
NVS,"Novartis Ag",78.32,-0.27000000000001,-0.34%,2300,81.3%,18.7%,"10:34 ET"
EVRI,"Everi Holdings Inc",7.87,0.02,+0.25%,2295,5.8%,94.2%,"10:35 ET"
FOSL,"Fossil Group",26.22,0.44,+1.71%,2291,34.9%,65.1%,"10:35 ET"
CIEN,"Ciena Corp",26.82,-0.039999999999999,-0.15%,2282,38.0%,62.0%,"10:34 ET"
DVMT,"Dell Technologies Inc Cl V",95.08,0.3,+0.32%,2279,11.3%,88.7%,"10:31 ET"
SO,"Southern Company",47.64,-0.07,-0.15%,2269,59.2%,40.8%,"10:34 ET"
W,"Wayfair Inc",122.27,1.5,+1.24%,2247,53.8%,46.2%,"10:36 ET"
BUD,"Anheuser-Busch Inbev S.A.",103.08,-0.34,-0.33%,2241,43.9%,56.1%,"10:34 ET"
SNR,"New Senior Investment Group Inc",7.39,-0.03,-0.40%,2236,81.8%,18.2%,"10:23 ET"
AOBC,"American Outdoor Brands Corp",11.24,0.39,+3.59%,2229,79.4%,20.6%,"10:31 ET"
K,"Kellogg Company",70.68,0.090000000000003,+0.13%,2218,66.2%,33.8%,"10:34 ET"
MBT,"Mobile Telesystems",8.95,-0.030000000000001,-0.33%,2207,99.7%,0.3%,"10:31 ET"
PAA,"Plains All American Pipeline LP",23.39,-0.009999999999998,-0.04%,2202,41.9%,58.1%,"10:36 ET"
HDS,"HD Supply Hlds Cmm",44.15,0.27,+0.62%,2189,61.1%,38.9%,"10:35 ET"
PLD,"Prologis Inc",64.49,-0.55000000000001,-0.85%,2178,62.2%,37.8%,"10:35 ET"
PHM,Pultegroup,30.57,0.44,+1.46%,2175,70.4%,29.6%,"10:36 ET"
FAST,"Fastenal Co",55.65,0.22,+0.40%,2161,77.2%,22.8%,"10:36 ET"
TRV,"The Travelers Companies Inc",128.4,0.21000000000001,+0.16%,2160,80.8%,19.2%,"10:36 ET"
O,"Realty Income Corp",54.85,-0.059999999999995,-0.11%,2159,66.8%,33.2%,"10:34 ET"
SEAS,"Seaworld Entertainment Inc Co",22.44,0.29,+1.31%,2152,84.8%,15.2%,"10:35 ET"
IBKR,"Interactive Brokers",63.73,1.04,+1.66%,2148,70.0%,30.0%,"10:35 ET"
MET,"Metlife Inc",44.51,0.07,+0.16%,2137,74.3%,25.7%,"10:36 ET"
WHR,"Whirlpool Corp",153.02,-0.41999999999999,-0.27%,2122,34.3%,65.7%,"10:34 ET"
HAS,"Hasbro Inc",94.11,-0.23999999999999,-0.25%,2107,49.7%,50.3%,"10:35 ET"
CLD,"Cloud Peak Energy Inc",3.18,0.07,+2.25%,2104,99.5%,0.5%,"10:34 ET"
SHLD,"Sears Hldgs Corp",2.18,0.0099999999999998,+0.46%,2098,74.3%,25.7%,"10:33 ET"
ERF,"Enerplus Corp",12.8,0.050000000000001,+0.39%,2084,98.8%,1.2%,"10:35 ET"
GLW,"Corning Inc",28.86,0.26,+0.91%,2070,76.4%,23.6%,"10:36 ET"
ILMN,"Illumina Inc",302.65,0.65999999999997,+0.22%,2069,53.2%,46.8%,"10:35 ET"
ADT,"ADT Inc.",9.31,0.13,+1.42%,2066,38.5%,61.5%,"10:33 ET"
AKAM,"Akamai Technologies",77.83,0.14999999999999,+0.19%,2057,63.7%,36.3%,"10:36 ET"
FOX,"21st Centry Fox Class B",46.42,0.010000000000005,+0.02%,2056,88.9%,11.1%,"10:36 ET"
AGCO,"Agco Corp",59,0.41,+0.70%,2056,0.9%,99.1%,"10:36 ET"
TAL,"Tal Education Group",38.66,0.15,+0.39%,2048,75.7%,24.3%,"10:35 ET"
TOL,"Toll Brothers Inc",37.71,0.7,+1.89%,2036,78.9%,21.1%,"10:35 ET"
TRHC,"Tabula Rasa Healthcare Inc",67.43,-0.38,-0.56%,2036,50.6%,49.4%,"10:34 ET"
BTU,"Peabody Energy Corp",43.49,-0.37,-0.84%,2033,43.3%,56.7%,"10:35 ET"
DK,"Delek US Holdings",47.83,0.55,+1.16%,2031,43.4%,56.6%,"10:34 ET"
ZBH,"Zimmer Biomet Holdings",112.74,0.11,+0.10%,2028,11.8%,88.2%,"10:35 ET"
CX,"Cemex S.A.B. De C.V.",6.59,-0.11,-1.64%,2027,26.2%,73.8%,"10:35 ET"
GBT,"Global Blood Ther",39.7,0.15000000000001,+0.38%,2025,73.2%,26.8%,"10:33 ET"
CRON,"Cronos Group Inc",6.62,-0.11,-1.63%,2022,81.0%,19.0%,"10:36 ET"
CONN,"Conn's Inc",37.25,0.049999999999997,+0.13%,2020,76.8%,23.2%,"10:33 ET"
AET,"Aetna Inc",190.82,-0.63,-0.33%,2016,28.2%,71.8%,"10:36 ET"
HLF,"Herbalife Ltd",53.68,0.11,+0.20%,2007,30.4%,69.6%,"10:35 ET"
IEP,"Icahn Enterprises",78.8,0.53,+0.68%,2005,39.7%,60.3%,"10:23 ET"
ERII,"Energy Recovery Inc",8.02,-0.0099999999999998,-0.12%,2005,2.3%,97.7%,"10:21 ET"
BBD,"Banco Bradesco S.A.",7.64,0.16,+2.14%,2002,22.6%,77.4%,"10:35 ET"
ZION,"Zions Bancorporation",53.27,0.88,+1.68%,1999,81.0%,19.0%,"10:36 ET"
GSK,"Glaxosmithkline Plc",41.24,0.039999999999999,+0.10%,1980,39.1%,60.9%,"10:36 ET"
MRTX,"Mirati Therapeutics",49.85,0.9,+1.84%,1980,80.6%,19.4%,"10:34 ET"
UA,"Under Armour Inc Class C Comm",20.22,0.11,+0.55%,1978,68.7%,31.3%,"10:35 ET"
PLUG,"Plug Power Inc",2.01,0.01,+0.50%,1974,48.9%,51.1%,"10:32 ET"
PENN,"Penn Natl Gaming Inc",35.69,-0.26000000000001,-0.72%,1973,74.4%,25.6%,"10:34 ET"
MAT,"Mattel Inc",16.3,0.02,+0.12%,1959,62.3%,37.7%,"10:35 ET"
CC,"Chemours Company",43.57,0.39,+0.90%,1951,61.7%,38.3%,"10:35 ET"
MTCH,"Match Group Inc CS",39.63,0.18,+0.46%,1951,72.0%,28.0%,"10:35 ET"
RUBI,"The Rubicon Project Inc",3.37,-0.0099999999999998,-0.30%,1942,99.0%,1.0%,"10:34 ET"
EMR,"Emerson Electric Company",68.98,-0.33,-0.48%,1924,83.4%,16.6%,"10:36 ET"
BKS,"Barnes & Noble",5.6,0.25,+4.67%,1921,86.4%,13.6%,"10:36 ET"
IMMU,"Immunomedics Inc",25.33,-0.14,-0.55%,1918,46.7%,53.3%,"10:35 ET"
KMX,"Carmax Inc",77.56,0.31,+0.40%,1913,56.9%,43.1%,"10:35 ET"
PVG,"Pretium Res Inc",8.3,-0.039999999999999,-0.48%,1902,76.0%,24.0%,"10:35 ET"
WP,"Worldpay Inc.",86.57,0.059999999999988,+0.07%,1895,9.9%,90.1%,"10:36 ET"
TECK,"Teck Resources Ltd",24.49,0.17,+0.70%,1892,71.0%,29.0%,"10:36 ET"
TK,"Teekay Shipping Corp",7.08,-0.14,-1.94%,1885,76.4%,23.6%,"10:29 ET"
DUK,"Duke Energy Corp",80.72,-0.060000000000002,-0.07%,1881,64.4%,35.6%,"10:35 ET"
IBN,"Icici Bank Ltd",7.88,0.16,+2.07%,1862,83.2%,16.8%,"10:31 ET"
DDD,"3D Systems Corp",15.12,-0.1,-0.66%,1862,73.2%,26.8%,"10:34 ET"
CAG,"Conagra Brands Inc",36.02,0.33000000000001,+0.92%,1857,45.0%,55.0%,"10:35 ET"
GWW,"W.W. Grainger",305.06,2.14,+0.71%,1855,30.6%,69.4%,"10:35 ET"
WRD,"Wildhorse Resour",22.26,0.41,+1.88%,1853,32.4%,67.6%,"10:34 ET"
S,"Sprint Corp",5.66,0.0099999999999998,+0.18%,1836,74.2%,25.8%,"10:35 ET"
TIVO,"Tivo Corp",12.65,-0.2,-1.56%,1833,78.6%,21.4%,"10:32 ET"
INFN,"Infinera Corp",8.96,0.020000000000001,+0.22%,1828,19.3%,80.7%,"10:34 ET"
CREE,"Cree Inc",45.72,0.36,+0.79%,1827,80.3%,19.7%,"10:35 ET"
TA,"Travelcenters of America Llc",4.1,0.25,+6.49%,1815,99.7%,0.3%,"10:34 ET"
D,"Dominion Resources",69.78,-0.099999999999994,-0.14%,1805,48.1%,51.9%,"10:35 ET"
NOW,"Servicenow Inc",188.7,-0.38000000000002,-0.20%,1803,55.6%,44.4%,"10:35 ET"
SIG,"Signet Jewelers Ltd",58.96,0.95,+1.64%,1795,43.3%,56.7%,"10:36 ET"
ACAD,"Acadia Pharmaceutica",17.72,0.85,+5.04%,1793,63.8%,36.2%,"10:35 ET"
ZNGA,"Zynga Inc Cl A",4.26,0.0099999999999998,+0.24%,1790,88.4%,11.6%,"10:34 ET"
LBTYK,"Liberty Global Ord C",27.88,-0.07,-0.25%,1774,99.9%,0.1%,"10:35 ET"
ACHN,"Achillion Pharmaceut",3.05,0.02,+0.66%,1774,92.7%,7.3%,"10:28 ET"
KBR,"KBR Inc",18.87,0.19,+1.02%,1772,48.8%,51.2%,"10:36 ET"
FITB,"Fifth Third Bncp",29.64,0.18,+0.61%,1770,80.3%,19.7%,"10:35 ET"
GNW,"Genworth Financial Inc",4.66,0.0099999999999998,+0.22%,1769,77.2%,22.8%,"10:35 ET"
PPG,"PPG Industries",103.37,1,+0.98%,1765,12.9%,87.1%,"10:35 ET"
WRK,"Westrock Company",56.82,-0.22,-0.39%,1764,88.5%,11.5%,"10:36 ET"
OLN,"Olin Corp",29.05,0.42,+1.47%,1750,77.3%,22.7%,"10:36 ET"
NKTR,"Nektar Therapeutics",48.11,0.32,+0.67%,1748,75.4%,24.6%,"10:34 ET"
ALB,"Albemarle Corp",95.24,0.28,+0.29%,1745,59.4%,40.6%,"10:33 ET"
XON,"Intrexon Corp",14.68,0.12,+0.82%,1740,83.6%,16.4%,"10:35 ET"
PPC,"Pilgrim's Pride",18.88,-0.31,-1.62%,1727,77.9%,22.1%,"10:35 ET"
AMT,"American Tower Corp",140.99,-0.76999999999998,-0.54%,1727,59.9%,40.1%,"10:35 ET"
SRCL,"Stericycle Inc",67.25,-0.56999999999999,-0.84%,1720,71.6%,28.4%,"10:35 ET"
SORL,"Sorl Auto Parts Inc",4.84,0.15,+3.20%,1720,54.3%,45.7%,"10:14 ET"
AZO,Autozone,700.4,7.62,+1.10%,1717,64.8%,35.2%,"10:33 ET"
EW,"Edwards Lifesciences Corp",147.17,0.48999999999998,+0.33%,1706,27.6%,72.4%,"10:36 ET"
NVCR,"Novocure Ltd Ord Sh",35.4,-0.15,-0.42%,1682,90.5%,9.5%,"10:34 ET"
SIX,"Six Flags Entertainment Corp",70.51,0.7,+1.00%,1677,47.7%,52.3%,"10:35 ET"
SLCA,"U.S. Silica Holdings Inc",25.72,-0.16,-0.62%,1664,53.4%,46.6%,"10:35 ET"
TUP,"Tupperware Corp",41.15,0.58,+1.43%,1659,55.3%,44.7%,"10:35 ET"
WATT,"Energous Corp",15.28,0.19,+1.26%,1653,66.2%,33.8%,"10:31 ET"
DBD,"Diebold Nixdorf Inc",12.35,0.1,+0.82%,1647,10.4%,89.6%,"10:34 ET"
TTD,"Trade Desk Inc",93.19,-0.14,-0.15%,1641,71.8%,28.2%,"10:36 ET"
SNA,"Snap-On Inc",156.92,-6.95,-4.24%,1636,62.8%,37.2%,"10:36 ET"
SALT,"Scorpio Bulkers Inc",6.9,0.050000000000001,+0.73%,1634,99.2%,0.8%,"10:33 ET"
TMUS,"T-Mobile US",61.87,0.23999999999999,+0.39%,1621,61.1%,38.9%,"10:35 ET"
INFY,"Infosys Ltd",19.63,0.029999999999998,+0.15%,1611,70.0%,30.0%,"10:35 ET"
JCI,"Johnson Controls Intl",35.09,0.33000000000001,+0.95%,1594,37.2%,62.8%,"10:35 ET"
VHC,"Virnetx Holding Corp",3.47,-0.03,-0.86%,1587,97.5%,2.5%,"10:32 ET"
DXCM,Dexcom,100.22,0.77,+0.77%,1574,53.3%,46.7%,"10:34 ET"
ARWR,"Arrowhead Pharma",15.86,0.059999999999999,+0.38%,1564,84.5%,15.5%,"10:33 ET"
PII,"Polaris Industries Inc",124.3,1.95,+1.59%,1563,9.5%,90.5%,"10:36 ET"
APO,"Apollo Global Management Llc C",36.03,0.11,+0.31%,1561,17.2%,82.8%,"10:35 ET"
EMES,"Emerge Energy Services LP",6.94,-0.069999999999999,-1.00%,1531,85.0%,15.0%,"10:28 ET"
TEAM,"Atlassian Cls A Ord",66.97,0.11,+0.16%,1528,21.9%,78.1%,"10:35 ET"
SPLK,"Splunk Inc",106.06,-0.14,-0.13%,1525,78.7%,21.3%,"10:35 ET"
UMPQ,"Umpqua Holdings Corp",23.3,0.24,+1.04%,1521,99.9%,0.1%,"10:35 ET"
ICPT,"Intercept Pharmaceut",95.41,2.04,+2.18%,1516,73.4%,26.6%,"10:35 ET"
CBOE,"CBOE Global Markets Inc",103.63,-0.10000000000001,-0.10%,1511,68.4%,31.6%,"10:34 ET"
SINA,"Sina Corp",84.24,0.28999999999999,+0.35%,1509,46.9%,53.1%,"10:35 ET"
LKQ,"LKQ Corp",33.4,0.059999999999995,+0.18%,1503,98.8%,1.2%,"10:35 ET"
FE,"Firstenergy Corp",36.22,0.07,+0.19%,1500,76.9%,23.1%,"10:36 ET"
GTN,"Gray Television",15.55,0.25,+1.63%,1499,33.5%,66.5%,"10:36 ET"
IONS,"Ionis Pharmaceutical",44.83,0.56,+1.26%,1493,32.6%,67.4%,"10:35 ET"
PE,"Parsley Energy",31.27,-0.22,-0.70%,1465,90.0%,10.0%,"10:35 ET"
GRUB,"Grubhub Inc",113.09,2.91,+2.64%,1459,52.4%,47.6%,"10:35 ET"
THO,"Thor Industries",100.28,1.86,+1.89%,1448,63.1%,36.9%,"10:35 ET"
BBT,"BB&T Corp",51.9,0.26,+0.50%,1446,62.2%,37.8%,"10:36 ET"
SRNE,"Sorrento Therpt",6.97,0.069999999999999,+1.01%,1444,63.8%,36.2%,"10:35 ET"
MT,Arcelormittal,29.98,0.45,+1.52%,1439,69.8%,30.2%,"10:35 ET"
KSU,"Kansas City Southern",104.22,-0.73,-0.70%,1435,29.2%,70.8%,"10:32 ET"
CSIQ,"Canadian Solar Inc",12.86,0.0099999999999998,+0.08%,1431,45.9%,54.1%,"10:34 ET"
SU,"Suncor Energy Inc",41,-0.24,-0.58%,1428,41.5%,58.5%,"10:35 ET"
SGMS,"Scientific Games",50.3,0.2,+0.40%,1424,71.8%,28.2%,"10:34 ET"
PLCE,"Children's Place Inc",118.9,3.65,+3.17%,1421,22.7%,77.3%,"10:34 ET"
ADI,"Analog Devices",97.24,-0.40000000000001,-0.41%,1418,67.0%,33.0%,"10:36 ET"
COTY,"Coty Inc",14.39,0.16,+1.12%,1415,64.6%,35.4%,"10:34 ET"
AAXN,"Axon Inc",69.56,0.54000000000001,+0.78%,1412,77.3%,22.7%,"10:28 ET"
LPX,"Louisiana-Pacific Corp",28.65,0.07,+0.24%,1410,87.9%,12.1%,"10:36 ET"
PSX,"Phillips 66",111.09,-0.22999999999999,-0.21%,1406,69.3%,30.7%,"10:34 ET"
RL,"Ralph Lauren Corp",132.6,2.7,+2.08%,1404,68.4%,31.6%,"10:35 ET"
THC,"Tenet Healthcare Corp",34.77,0.47000000000001,+1.37%,1403,40.2%,59.8%,"10:33 ET"
KEY,Keycorp,20.04,0.12,+0.60%,1400,78.6%,21.4%,"10:36 ET"
CBL,"Cbl & Associates Properties",5.45,0.11,+2.06%,1399,82.7%,17.3%,"10:35 ET"
ANTM,"Anthem Inc",244.02,-4.26,-1.72%,1395,21.7%,78.3%,"10:35 ET"
EQR,"Equity Residential",64.29,-0.14,-0.22%,1392,80.5%,19.5%,"10:34 ET"
SFLY,"Shutterfly Inc",90.23,0.17,+0.19%,1378,58.7%,41.3%,"10:35 ET"
STNG,"Scorpio Tankers Inc",2.45,-0.05,-2.00%,1370,89.7%,10.3%,"10:33 ET"
OKTA,"Okta Inc Class A",54.8,0.73,+1.35%,1370,64.5%,35.5%,"10:34 ET"
CLW,"Clearwater Paper Corp",23.6,0.05,+0.21%,1368,97.7%,2.3%,"10:01 ET"
ALL,"Allstate Corp",94.03,0.57000000000001,+0.61%,1357,60.6%,39.4%,"10:36 ET"
MDR,"McDermott International",17.94,0.22,+1.24%,1337,46.7%,53.3%,"10:36 ET"
ASPS,"Altisource Portfolio",32.69,0.44,+1.36%,1336,97.7%,2.3%,"10:14 ET"
CHKP,"Check Point Software",108.97,0.019999999999996,+0.02%,1334,55.1%,44.9%,"10:35 ET"
ZN,"Zion Oil & Gas Inc",3.2,-0.07,-2.14%,1323,78.8%,21.2%,"10:32 ET"
EVHC,"Envision Healthcare Holdings",44.82,0.13,+0.29%,1322,85.1%,14.9%,"10:35 ET"
BBOX,"Black Box Cp",1.77,0.03,+1.72%,1316,76.7%,23.3%,"10:32 ET"
TELL,"Tellurian Inc New",7.87,-0.02,-0.25%,1313,47.1%,52.9%,"10:35 ET"
PBI,"Pitney Bowes Inc",8.71,-0.039999999999999,-0.46%,1308,84.4%,15.6%,"10:36 ET"
LC,"Lendingclub Corp",4.48,0.03,+0.67%,1307,57.4%,42.6%,"10:31 ET"
LGCY,"Legacy Reserves LP",5.83,-0.05,-0.85%,1291,57.6%,42.4%,"10:27 ET"
LITE,"Lumentum Hld",58.9,1.05,+1.82%,1284,42.6%,57.4%,"10:35 ET"
HRS,"Harris Corp",150.05,0.48000000000002,+0.32%,1277,90.1%,9.9%,"10:34 ET"
DNKN,"Dunkin' Brands Group",71.75,0.079999999999998,+0.11%,1273,59.9%,40.1%,"10:36 ET"
AMPE,"Ampio Pharmaceutical",2.31,-0.03,-1.28%,1271,78.1%,21.9%,"10:29 ET"
ENPH,"Enphase Energy Inc",6.78,0.05,+0.74%,1269,77.0%,23.0%,"10:35 ET"
NGHC,"National General Hld",27.44,0.050000000000001,+0.18%,1268,100.0%,0.0%,"10:33 ET"
KLAC,"K L A-Tencor Corp",104.62,0.46000000000001,+0.44%,1267,30.9%,69.1%,"10:35 ET"
RUN,"Sunrun Inc",16.02,0.08,+0.50%,1264,85.3%,14.7%,"10:35 ET"
AEO,"American Eagle Outfitters",23.55,0.3,+1.29%,1263,78.0%,22.0%,"10:36 ET"
SSW,"Seaspan Corp",9.26,-0.08,-0.86%,1261,90.4%,9.6%,"10:34 ET"
NFX,"Newfield Exploration Company",28.75,-0.34,-1.17%,1250,15.0%,85.0%,"10:36 ET"
BITA,"Bitauto Holdings Ltd",23.94,-0.039999999999999,-0.17%,1244,78.0%,22.0%,"10:27 ET"
BEN,"Franklin Resources",32.11,0.009999999999998,+0.03%,1240,10.2%,89.8%,"10:35 ET"
WMB,"Williams Companies",27.25,0.030000000000001,+0.11%,1234,64.5%,35.5%,"10:36 ET"
HBAN,"Huntington Bcshs",15.02,0.12,+0.81%,1231,62.1%,37.9%,"10:35 ET"
SYNA,"Synaptics Inc",48.34,-0.27,-0.56%,1230,61.5%,38.5%,"10:34 ET"
PRGO,"Perrigo Company",75.4,0.36,+0.48%,1230,62.7%,37.3%,"10:36 ET"
VMC,"Vulcan Materials Company",124.05,1.14,+0.93%,1226,66.5%,33.5%,"10:36 ET"
ATEN,"A10 Networks Inc",7.34,0.06,+0.82%,1218,13.5%,86.5%,"10:30 ET"
PAGP,"Plains Gp Holdings LP",23.34,-0.030000000000001,-0.13%,1213,9.1%,90.9%,"10:35 ET"
PAYX,"Paychex Inc",70.24,0.25999999999999,+0.37%,1212,79.0%,21.0%,"10:36 ET"
ADP,"Automatic Data Procs",137.2,0.079999999999984,+0.06%,1208,56.5%,43.5%,"10:34 ET"
R,"Ryder System",73.58,0.48999999999999,+0.67%,1204,62.4%,37.6%,"10:25 ET"
WERN,"Werner Enterprise",36.55,0.7,+1.95%,1202,85.5%,14.5%,"10:36 ET"
GPC,"Genuine Parts Company",94.08,0.84,+0.90%,1196,90.0%,10.0%,"10:35 ET"
BLUE,"Bluebird Bio",179.45,2.15,+1.21%,1196,65.6%,34.4%,"10:34 ET"
NTLA,"Intellia Thera CS",30.38,1.02,+3.47%,1186,60.9%,39.1%,"10:35 ET"
KL,"Kirkland Lake Gold Ltd",22.76,-0.29,-1.26%,1183,91.5%,8.5%,"10:36 ET"
BIG,"Big Lots",42.72,1.07,+2.57%,1182,62.4%,37.6%,"10:35 ET"
MLNX,"Mellanox Technologies",83.5,-0.45,-0.54%,1181,83.1%,16.9%,"10:36 ET"
GWPH,"Gw Pharma ADR",146.26,-1.75,-1.18%,1180,61.4%,38.6%,"10:28 ET"
FLEX,"Flextronics Intl Ltd",14.81,0.0099999999999998,+0.07%,1179,70.2%,29.8%,"10:36 ET"
OLLI,"Ollies Bargain CS",74.15,1.6,+2.21%,1166,53.8%,46.2%,"10:32 ET"
AIZ,"Assurant Inc",107.78,-0.2,-0.19%,1165,88.6%,11.4%,"10:33 ET"
ATHN,"Athenahealth Inc",158.91,-0.91,-0.57%,1162,72.8%,27.2%,"10:31 ET"
CCI,"Crown Castle International Corp",110.31,-0.25999999999999,-0.24%,1161,77.9%,22.1%,"10:34 ET"
DO,"Diamond Offshore Drilling",19.64,-0.59,-2.92%,1160,55.5%,44.5%,"10:35 ET"
OHI,"Omega Healthcare Investors",31.28,-0.039999999999999,-0.13%,1157,64.8%,35.2%,"10:35 ET"
ED,"Consolidated Edison Company of New York",79.05,-0.15000000000001,-0.19%,1140,63.4%,36.6%,"10:35 ET"
DF,"Dean Foods Company",10.71,0.17,+1.61%,1137,4.0%,96.0%,"10:35 ET"
CRZO,"Carrizo Oil & Gas",27.86,0.23,+0.83%,1136,62.1%,37.9%,"10:34 ET"
CLX,"Clorox Company",135,0.80000000000001,+0.60%,1129,47.1%,52.9%,"10:35 ET"
CB,"Chubb Ltd",133.24,-0.13,-0.10%,1129,78.1%,21.9%,"10:36 ET"
EL,"Estee Lauder Companies",142.41,1.46,+1.04%,1127,44.8%,55.2%,"10:35 ET"
UNIT,"Uniti Group Inc",21.7,0.039999999999999,+0.18%,1123,22.3%,77.7%,"10:34 ET"
TSCO,"Tractor Supply Co",78.87,0.45,+0.57%,1117,31.4%,68.6%,"10:35 ET"
MCK,"Mckesson Corp",134.89,-0.69000000000003,-0.51%,1115,43.6%,56.4%,"10:36 ET"
SAP,"SAP Ag",120.76,0.19000000000001,+0.16%,1114,13.6%,86.4%,"10:35 ET"
IAC,Iac/Interactive,154.42,0.049999999999983,+0.03%,1111,35.9%,64.1%,"10:35 ET"
CG,"The Carlyle Group",23.73,0.18,+0.76%,1105,96.6%,3.4%,"10:20 ET"
ACIA,"Acacia Communica",34.43,0.71,+2.11%,1100,72.4%,27.6%,"10:33 ET"
SAIL,"Sailpoint Technologies Holdings Inc",28,0.57,+2.08%,1096,15.8%,84.2%,"10:30 ET"
SNE,"Sony Corp",53.58,0.31,+0.58%,1095,70.4%,29.6%,"10:33 ET"
NTRI,"Nutrisystem Inc",39.8,0.099999999999994,+0.25%,1092,80.5%,19.5%,"10:35 ET"
XLNX,"Xilinx Inc",67.6,-0.12,-0.18%,1089,84.5%,15.5%,"10:35 ET"
XXII,"22nd Century Group Inc",2.62,-0.02,-0.76%,1089,91.3%,8.7%,"10:34 ET"
CNC,"Centene Corp",131.76,-1.47,-1.10%,1082,76.4%,23.6%,"10:35 ET"
RMTI,"Rockwell Medical In",4.35,0.13,+3.08%,1081,81.1%,18.9%,"10:21 ET"
JEC,"Jacobs Engineering Group Inc",65.74,0.28999999999999,+0.44%,1077,14.3%,85.7%,"10:36 ET"
JBLU,"Jetblue Airways Cp",19.63,0.23,+1.19%,1077,49.8%,50.2%,"10:35 ET"
ARRY,"Array Biopharma Inc",17.28,0.25,+1.47%,1075,85.9%,14.1%,"10:35 ET"
CDMO,"Avid Bioservices Inc.",5.63,1.16,+25.95%,1072,76.9%,23.1%,"10:35 ET"
HLT,"Hilton Inc",81.07,0.98999999999999,+1.24%,1071,65.2%,34.8%,"10:35 ET"
DFS,"Discover Financial Services",71.07,0.50999999999999,+0.72%,1066,61.4%,38.6%,"10:35 ET"
VTR,"Ventas Inc",58.24,-0.049999999999997,-0.09%,1065,56.3%,43.7%,"10:36 ET"
MDCO,"Medicines Co",41.43,1.12,+2.78%,1058,75.4%,24.6%,"10:34 ET"
NEE,"Nextera Energy",170.06,0.56,+0.33%,1056,78.5%,21.5%,"10:36 ET"
QLYS,"Qualys Inc",93,0.25,+0.27%,1050,5.9%,94.1%,"10:34 ET"
ISBC,"Investors Bancorp",12.73,0.030000000000001,+0.24%,1046,3.9%,96.1%,"10:36 ET"
PX,Praxair,167,-0.039999999999992,-0.02%,1045,90.3%,9.7%,"10:35 ET"
ERJ,"Embraer-Empresa Brasileira De Aeronautica",22.22,0.47,+2.16%,1044,70.2%,29.8%,"10:35 ET"
GPRE,"Green Plains Inc",15.93,-0.07,-0.44%,1043,82.4%,17.6%,"10:19 ET"
ATRA,"Atara Biotherap",39.3,0.8,+2.08%,1041,98.8%,1.2%,"10:35 ET"
IMGN,"Immunogen Inc",10,0.0099999999999998,+0.10%,1032,58.0%,42.0%,"10:35 ET"
ABUS,"Arbutus Biopharma Cp",10.8,-0.06,-0.56%,1030,83.6%,16.4%,"10:35 ET"
ANW,"Aegean Marine Petroleum Network",1.63,0,unch,1029,96.5%,3.5%,"10:21 ET"
MEOH,"Methanex Cp",69.8,0.099999999999994,+0.14%,1022,41.7%,58.3%,"10:35 ET"
LYV,"Live Nation Entertainment",50.86,-0.38,-0.74%,1022,58.4%,41.6%,"10:34 ET"
GRA,"W.R. Grace & Company",74.1,0.42999999999999,+0.58%,1019,92.1%,7.9%,"10:35 ET"
SSP,"E.W. Scripps Company",13.05,-0.050000000000001,-0.38%,1018,9.8%,90.2%,"10:32 ET"
GOLD,"Randgold Res Ltd",72.23,-0.2,-0.28%,1018,38.6%,61.4%,"10:32 ET"
CA,"CA Inc",44.06,0.010000000000005,+0.02%,1015,47.6%,52.4%,"10:36 ET"
ABMD,"Abiomed Inc",422.95,3.57,+0.85%,1015,40.2%,59.8%,"10:35 ET"
ICE,"Intercontinental Exchange",74.95,-0.23999999999999,-0.32%,1010,72.3%,27.7%,"10:34 ET"
DVAX,"Dynavax Technologies",15.05,0.4,+2.73%,1004,48.6%,51.4%,"10:32 ET"
MNK,"Mallinckrodt Plc Ordinary Share",21.6,0.23,+1.08%,1001,42.8%,57.2%,"10:36 ET"
SPHS,"Sophiris Bio",3.05,-0.01,-0.33%,998,13.0%,87.0%,"10:20 ET"
KLIC,"Kulicke and Soffa",28.08,-0.010000000000002,-0.04%,993,87.0%,13.0%,"10:34 ET"
PCAR,"Paccar Inc",62.67,0.1,+0.16%,990,80.8%,19.2%,"10:35 ET"
KTOS,"Kratos Defns",13.04,0.2,+1.56%,990,63.1%,36.9%,"10:36 ET"
VSTM,"Verastem Inc",8.21,-0.029999999999999,-0.36%,990,72.5%,27.5%,"10:35 ET"
JWN,Nordstrom,52,-0.43,-0.82%,987,47.3%,52.7%,"10:36 ET"
HRL,"Hormel Foods Corp",36.37,-0.8,-2.15%,986,46.9%,53.1%,"10:35 ET"
ARR,"Armour Residential R",23.14,0.050000000000001,+0.22%,985,0.9%,99.1%,"10:33 ET"
ARLP,"Alliance Resource Pt",18.35,-0.049999999999997,-0.27%,985,95.8%,4.2%,"10:23 ET"
CWH,"Camping World Holdings Inc",25.1,0.010000000000002,+0.04%,979,54.9%,45.1%,"10:35 ET"
SPG,"Simon Property Group",172.01,1.35,+0.79%,978,34.7%,65.3%,"10:34 ET"
CVNA,"Carvana Co. Class A",45.03,-0.14,-0.31%,978,45.3%,54.7%,"10:21 ET"
RFP,"Resolute Forest Products Inc",11.5,0.15,+1.32%,974,90.8%,9.2%,"10:33 ET"
HSY,"Hershey Foods Corp",93.68,0.93000000000001,+1.00%,968,35.8%,64.2%,"10:33 ET"
ECHO,"Echo Global Logistic",29.55,0.050000000000001,+0.17%,962,72.1%,27.9%,"10:35 ET"
AGNC,"American Capital Age",19.1,0.040000000000003,+0.21%,962,37.0%,63.0%,"10:34 ET"
PDS,"Precision Drilling Corp",3.59,-0.03,-0.83%,955,87.9%,12.1%,"10:31 ET"
BOFI,"Bofi Holding Inc",41.15,0.62,+1.53%,952,12.4%,87.6%,"10:33 ET"
CLDR,"Cloudera Inc",14.99,0.16,+1.08%,951,91.6%,8.4%,"10:34 ET"
TRQ,"Turquoise Hill Resources Ltd",2.92,-0.02,-0.68%,948,98.1%,1.9%,"10:34 ET"
VST,"Vistra Energy Corp.",23.8,0.09,+0.38%,946,100.0%,0.0%,"10:35 ET"
PBYI,"Puma Biotechnology",53.3,0.75,+1.43%,940,87.3%,12.7%,"10:36 ET"
OMER,"Omeros Corp",20.16,0.16,+0.80%,939,80.8%,19.2%,"10:25 ET"
BGS,"B&G Foods Holdings",30.75,0.95,+3.19%,938,12.4%,87.6%,"10:35 ET"
HOG,"Harley-Davidson Inc",43.15,0.21,+0.49%,936,53.7%,46.3%,"10:34 ET"
DPZ,"Domino's Pizza Inc",278.05,-1.14,-0.41%,936,41.0%,59.0%,"10:36 ET"
AXTI,"Axt Inc",8.4,0.15,+1.82%,934,71.3%,28.7%,"10:31 ET"
BMRN,"Biomarin Pharmaceut",103.32,0.58999999999999,+0.57%,930,81.2%,18.8%,"10:35 ET"
ATNX,"Athenex Inc",18.97,0.079999999999998,+0.42%,925,49.2%,50.8%,"10:17 ET"
TWNK,"Hostess Brands Inc",14.15,0.24,+1.73%,924,22.2%,77.8%,"10:33 ET"
UN,"Unilever Nv",55.69,-0.37,-0.66%,923,9.9%,90.1%,"10:36 ET"
TAP,"Molson Coors Brewing Company",66.95,0.049999999999997,+0.07%,919,22.2%,77.8%,"10:35 ET"
FMC,"FMC Corp",86.49,-0.23,-0.27%,918,57.8%,42.2%,"10:35 ET"
FRO,"Frontline Ltd",5.15,0.04,+0.78%,915,55.4%,44.6%,"10:31 ET"
AVAV,"Aerovironment Inc",73.51,1.55,+2.15%,912,92.8%,7.2%,"10:35 ET"
KBH,"KB Home",27.33,0.32,+1.18%,909,57.0%,43.0%,"10:36 ET"
ODP,"Office Depot",2.75,0.12,+4.56%,908,72.2%,27.8%,"10:35 ET"
DRI,"Darden Restaurants",111.48,0.2,+0.18%,908,74.4%,25.6%,"10:34 ET"
TSN,"Tyson Foods",65.75,-0.11,-0.17%,906,56.5%,43.5%,"10:35 ET"
HTHT,"Huazhu Group Ltd",41.87,1.85,+4.62%,905,71.6%,28.4%,"10:36 ET"
AEM,"Agnico-Eagle Mines Ltd",45.46,-0.23,-0.50%,903,80.7%,19.3%,"10:36 ET"
ODFL,"Old Dominion Freig",144.94,1.99,+1.39%,899,56.1%,43.9%,"10:31 ET"
JAZZ,"Jazz Pharma Plc",174.71,-0.099999999999994,-0.06%,899,14.1%,85.9%,"10:27 ET"
HRB,"H&R Block",23.95,-0.050000000000001,-0.21%,894,58.8%,41.2%,"10:35 ET"
AMC,"Amc Entertainment Holdings Inc",16.88,0.18,+1.08%,894,53.0%,47.0%,"10:34 ET"
MPLX,"Mplx LP",33.8,0.029999999999994,+0.09%,893,38.5%,61.5%,"10:33 ET"
NOG,"Northern Oil and Gas",3.17,-0.1,-3.06%,891,72.1%,27.9%,"10:30 ET"
INTU,"Intuit Inc",214.17,-0.29000000000002,-0.14%,885,58.1%,41.9%,"10:35 ET"
TSG,"The Stars Group Inc",37.72,0.52,+1.40%,885,98.6%,1.4%,"10:35 ET"
AUPH,"Aurinia Pharm Ord",5.68,-0.04,-0.70%,881,69.7%,30.3%,"10:33 ET"
SAVE,"Spirit Airlines Inc",39.56,0.52,+1.33%,879,46.3%,53.7%,"10:35 ET"
CAH,"Cardinal Health",50.4,-0.31,-0.61%,879,45.6%,54.4%,"10:36 ET"
SE,"Sea Limited ADR",15.42,-0.2,-1.28%,878,97.9%,2.1%,"10:36 ET"
JBL,"Jabil Circuit",28.96,0.25,+0.87%,878,69.1%,30.9%,"10:33 ET"
BHP,"Bhp Billiton Ltd",48.43,-0.049999999999997,-0.10%,878,59.8%,40.2%,"10:33 ET"
ATHX,"Athersys Inc",2.07,0.02,+0.98%,876,96.5%,3.5%,"10:30 ET"
ETN,"Eaton Corp",77.39,0.049999999999997,+0.06%,875,44.1%,55.9%,"10:36 ET"
NYCB,"New York Community Bancorp",11.52,0.029999999999999,+0.26%,874,34.9%,65.1%,"10:35 ET"
HUM,"Humana Inc",308.84,-6.84,-2.17%,873,56.1%,43.9%,"10:35 ET"
ACXM,"Acxiom Cp",43.27,1.36,+3.25%,871,70.8%,29.2%,"10:35 ET"
PVH,"Phillips-Van Heusen Corp",151.5,3.5,+2.36%,868,83.3%,16.7%,"10:33 ET"
SONC,"Sonic Cp",36.3,0.62,+1.74%,867,31.0%,69.0%,"10:33 ET"
VUZI,"Vuzix Corp",7.8,-0.15,-1.89%,866,90.5%,9.5%,"10:19 ET"
ATUS,"Altice USA Inc Class A",18.15,-0.18,-0.98%,865,87.3%,12.7%,"10:36 ET"
TPX,"Tempur-Pedic International Inc",52.88,1.23,+2.38%,864,68.4%,31.6%,"10:35 ET"
Z,"Zillow Group Cl C",62.88,-0.019999999999996,-0.03%,861,82.6%,17.4%,"10:30 ET"
HK,"Halcon Resources",3.73,-0.03,-0.80%,859,63.2%,36.8%,"10:34 ET"
WY,"Weyerhaeuser Company",36.36,0.11,+0.30%,851,88.4%,11.6%,"10:34 ET"
EXC,"Exelon Corp",42.19,0.039999999999999,+0.09%,851,49.6%,50.4%,"10:35 ET"
SA,"Seabridge Gold",11.75,0.2,+1.73%,850,46.8%,53.2%,"10:32 ET"
ACTG,"Acacia Res-Acacia",3.85,0,-0.13%,849,100.0%,0.0%,"10:19 ET"
BCS,"Barclays Plc",10.12,-0.22,-2.13%,845,73.8%,26.2%,"10:35 ET"
CALL,"Magicjack Vocaltec L",8.43,-0.02,-0.30%,840,68.2%,31.8%,"10:16 ET"
NHTC,"Natural Hlth Trd",23.25,-0.39,-1.65%,838,12.9%,87.1%,"10:19 ET"
NOV,National-Oilwell,43.61,-0.24,-0.55%,837,49.7%,50.3%,"10:36 ET"
BPL,"Buckeye Partners LP",35.12,-0.55,-1.54%,836,65.3%,34.7%,"10:35 ET"
DSW,"DSW Inc",26.9,0.2,+0.75%,833,6.4%,93.6%,"10:35 ET"
CRUS,"Cirrus Logic Inc",39.74,0.050000000000004,+0.13%,832,50.5%,49.5%,"10:35 ET"
INCY,"Incyte Corp",70.01,-0.099999999999994,-0.14%,831,17.6%,82.4%,"10:35 ET"
KEYW,"Keyw Holding Corp",9.13,0.020000000000001,+0.22%,830,100.0%,0.0%,"10:29 ET"
CHRW,"C.H. Robinson Ww",87.92,0.62,+0.71%,829,28.2%,71.8%,"10:35 ET"
PRTK,"Paratek Pharma Inc",10.45,-0.050000000000001,-0.48%,828,79.3%,20.7%,"10:32 ET"
FIZZ,"Natl Beverage Cp",107.96,0.70999999999999,+0.66%,824,57.0%,43.0%,"10:30 ET"
CNQ,"Canadian Natural Resources",35.82,-0.5,-1.38%,824,68.6%,31.4%,"10:36 ET"
VNOM,"Viper Energy LP",30.18,-0.49,-1.60%,823,48.0%,52.0%,"10:34 ET"
SAIA,"Saia Inc",75.55,0.95,+1.27%,819,76.9%,23.1%,"10:35 ET"
ROST,"Ross Stores Inc",85.4,0.26000000000001,+0.31%,816,65.0%,35.0%,"10:35 ET"
DXC,"Dxc Technology Company",85.51,-0.20999999999999,-0.24%,813,87.5%,12.5%,"10:33 ET"
JKS,"Jinkosolar Holding Company Ltd",14.08,0.029999999999999,+0.21%,812,34.1%,65.9%,"10:31 ET"
CPRT,"Copart Inc",58.48,0.049999999999997,+0.09%,812,69.8%,30.2%,"10:35 ET"
TRGP,"Targa Resources",51.33,-0.35,-0.68%,811,76.2%,23.8%,"10:35 ET"
FTNT,"Fortinet Inc",66.81,0.58,+0.88%,811,74.5%,25.5%,"10:35 ET"
EGN,"Energen Corp",73,-0.83,-1.12%,804,59.0%,41.0%,"10:33 ET"
GDEN,"Golden Entmt",32.85,1.57,+5.02%,804,68.7%,31.3%,"10:35 ET"
PPL,"PPL Corp",28.52,0.09,+0.32%,803,77.3%,22.7%,"10:36 ET"
SHW,"Sherwin-Williams Company",418.36,1.51,+0.36%,800,41.9%,58.1%,"10:31 ET"
MDB,"Mongodb Inc Class A",57,0.31,+0.55%,799,44.9%,55.1%,"10:30 ET"
TIF,"Tiffany & Co",133.19,0.47999999999999,+0.36%,798,43.5%,56.5%,"10:36 ET"
BHVN,"Biohaven Pharmaceutical Holding Company Ltd",36.81,-0.56,-1.50%,798,98.7%,1.3%,"10:32 ET"
NVAX,"Novavax Inc",1.38,0.02,+1.47%,797,55.7%,44.3%,"10:32 ET"
CTSH,"Cognizant Tech Sol",81.98,0.02000000000001,+0.02%,797,59.8%,40.2%,"10:34 ET"
LE,"Lands' End Inc",26.5,0.35,+1.34%,797,40.4%,59.6%,"10:26 ET"
BYD,"Boyd Gaming Corp",38.35,0.42,+1.11%,795,79.9%,20.1%,"10:36 ET"
YUM,"Yum! Brands",78.6,-0.060000000000002,-0.08%,791,44.9%,55.1%,"10:35 ET"
DATA,"Tableau Software Inc Class A",109.28,0.71000000000001,+0.65%,783,45.2%,54.8%,"10:32 ET"
CFX,"Colfax Corp",30.14,0.12,+0.40%,779,10.1%,89.9%,"10:36 ET"
OCLR,"Oclaro Inc",9.05,0.07,+0.78%,778,21.1%,78.9%,"10:30 ET"
LLL,"L-3 Communications Holdings",203.5,-0.69999999999999,-0.34%,776,79.9%,20.1%,"10:30 ET"
ITW,"Illinois Tool Works Inc",142.73,0.91,+0.64%,776,57.1%,42.9%,"10:36 ET"
EDAP,"Edap Tms Sa ADR",3.38,-0.11,-3.15%,776,85.7%,14.3%,"10:20 ET"
EGY,"Vaalco Energy Inc",2.96,0.05,+1.72%,776,97.4%,2.6%,"10:34 ET"
DKS,"Dick's Sporting Goods Inc",34.01,0.019999999999996,+0.06%,775,38.5%,61.5%,"10:36 ET"
AER,"Aercap Holdings N.V.",55.31,0.35,+0.64%,774,97.2%,2.8%,"10:36 ET"
LKM,"Link Motion Inc.",1.15,0.01,+0.88%,773,84.6%,15.4%,"10:12 ET"
NLSN,"Nielsen Holdings Plc",30.5,-0.67,-2.15%,772,46.1%,53.9%,"10:36 ET"
ASNA,"Ascena Retail Grp",3.52,0.06,+1.73%,770,38.3%,61.7%,"10:31 ET"
GMLP,"Golar Lng Partners",14.56,-0.23,-1.56%,767,36.9%,63.1%,"10:33 ET"
OFG,"Oriental Financial Group",15.2,-0.050000000000001,-0.33%,766,91.3%,8.7%,"10:20 ET"
BDX,"Becton Dickinson and Company",245.9,0.77000000000001,+0.31%,765,42.2%,57.8%,"10:31 ET"
REI,"Ring Energy Inc",12.83,-0.02,-0.16%,764,78.8%,21.2%,"10:33 ET"
DERM,"Dermira Inc Cm ST",10.7,-0.030000000000001,-0.28%,764,88.2%,11.8%,"10:29 ET"
HP,"Helmerich & Payne",62.28,-0.27,-0.43%,758,39.2%,60.8%,"10:36 ET"
RACE,"Ferrari N.V.",142.45,0.44999999999999,+0.32%,755,65.4%,34.6%,"10:21 ET"
WIX,"Wix.Com Ltd",108.45,0.40000000000001,+0.37%,753,61.2%,38.8%,"10:33 ET"
YPF,"Ypf Sociedad Anonima",15.06,0.0099999999999998,+0.07%,751,74.2%,25.8%,"10:35 ET"
FISV,"Fiserv Inc",77.14,0.27,+0.35%,749,75.6%,24.4%,"10:35 ET"
FFIV,"F5 Networks Inc",177.15,1.47,+0.84%,748,32.9%,67.1%,"10:34 ET"
QD,"Qudian Inc ADR",8.19,-0.32,-3.76%,745,69.0%,31.0%,"10:35 ET"
WING,"Wingstop Inc",51.32,0.33,+0.65%,744,90.2%,9.8%,"10:28 ET"
MMP,"Magellan Midstream Partners LP",67.21,-0.52000000000001,-0.77%,742,18.9%,81.1%,"10:34 ET"
BPT,"BP Prudhoe Bay Royalty Trust",28.2,-0.25,-0.88%,738,17.1%,82.9%,"10:23 ET"
EFX,"Equifax Inc",126,-0.64,-0.51%,736,51.8%,48.2%,"10:34 ET"
UBS,"UBS Group Ag",15.18,-0.040000000000001,-0.26%,734,92.2%,7.8%,"10:36 ET"
PSA,"Public Storage",223.61,-1.93,-0.86%,734,38.0%,62.0%,"10:34 ET"
UPL,"Ultra Petroleum Corp",1.82,0.04,+2.25%,731,82.1%,17.9%,"10:35 ET"
CORT,"Corcept Therapeutics",13.99,-0.14,-0.99%,731,67.6%,32.4%,"10:35 ET"
SAN,"Banco Santander",5.39,-0.08,-1.46%,729,85.5%,14.5%,"10:29 ET"
ACRX,"Acelrx Pharmaceutica",3.05,-0.05,-1.61%,729,74.3%,25.7%,"10:22 ET"
SQM,"Sociedad Quimica Y Minera S.A.",48.09,0.29000000000001,+0.61%,728,31.6%,68.4%,"10:35 ET"
MNTA,"Momenta Pharma",27.85,-0.050000000000001,-0.18%,728,22.8%,77.2%,"10:34 ET"
MAR,"Marriot Int Class A",130.49,-0.29999999999998,-0.23%,727,66.4%,33.6%,"10:36 ET"
PTCT,"Ptc Therapeutics",34.92,-1.16,-3.22%,726,26.6%,73.4%,"10:26 ET"
ETSY,"Etsy Inc",43.61,0.7,+1.63%,725,62.9%,37.1%,"10:33 ET"
TEX,"Terex Corp",43.79,-0.030000000000001,-0.07%,724,46.1%,53.9%,"10:35 ET"
MUR,"Murphy Oil Corp",31.71,-0.060000000000002,-0.19%,721,74.3%,25.7%,"10:35 ET"
PFNX,"Pfenex Inc",5.2,-0.02,-0.38%,717,99.7%,0.3%,"10:33 ET"
DFRG,"Del Frisco's Restrnt",11.6,0.1,+0.87%,709,96.1%,3.9%,"10:22 ET"
CYTK,Cytokinetics,9,0.1,+1.12%,701,27.0%,73.0%,"10:28 ET"
ALLY,"Ally Financial",27.59,0.34,+1.25%,701,56.9%,43.1%,"10:35 ET"
INT,"World Fuel Services Corp",20.8,-0.07,-0.34%,696,41.1%,58.9%,"10:35 ET"
MSI,"Motorola Solutions",121.01,-0.33999999999999,-0.28%,695,29.2%,70.8%,"10:35 ET"
IRM,"Iron Mountain Inc",35.32,-1.04,-2.86%,690,69.4%,30.6%,"10:35 ET"
FPI,"Farmland Partners Inc",6.3,0.2,+3.28%,686,68.4%,31.6%,"10:36 ET"
PAYC,"Paycom Software Inc",109.84,0.02000000000001,+0.02%,683,43.9%,56.1%,"10:33 ET"
APD,"Air Products and Chemicals",155.19,-0.36000000000001,-0.23%,681,89.1%,10.9%,"10:35 ET"
PTEN,"Patterson-Uti Energy",17.01,-0.21,-1.22%,679,45.9%,54.1%,"10:36 ET"
HIG,"Hartford Financial Services Group",53.23,0.16,+0.30%,679,85.4%,14.6%,"10:36 ET"
BHGE,"Baker Hughes A Ge Co. Cl. A",32.16,-0.17,-0.53%,676,76.0%,24.0%,"10:36 ET"
HOLX,"Hologic Inc",41.17,0.079999999999998,+0.19%,667,39.0%,61.0%,"10:35 ET"
TD,"Toronto Dominion Bank",57.81,-0.089999999999996,-0.16%,666,55.1%,44.9%,"10:35 ET"
GPOR,"Gulfport Energy Corp",11.96,-0.13,-1.08%,663,64.7%,35.3%,"10:35 ET"
EQM,"Equity Midstream Partners LP",53.96,-0.66,-1.21%,661,88.4%,11.6%,"10:35 ET"
SJM,"J.M. Smucker Company",110.69,2.28,+2.10%,660,58.9%,41.1%,"10:35 ET"
WIN,"Windstream Hldgs Inc",4.26,-0.09,-2.07%,659,91.8%,8.2%,"10:34 ET"
CTXS,"Citrix Systems Inc",109.73,-0.23999999999999,-0.22%,659,77.8%,22.2%,"10:34 ET"
PGNX,"Progenics Pharmaceut",8.11,-0.25,-2.99%,657,92.1%,7.9%,"10:32 ET"
FNKO,"Funko Inc Class A",15.78,0.09,+0.57%,653,75.7%,24.3%,"10:27 ET"
ARQL,"Arqule Inc",5.15,-0.14,-2.65%,652,89.9%,10.1%,"10:36 ET"
AXON,"Axovant Sciences Ltd",2.47,0.01,+0.41%,652,73.9%,26.1%,"10:30 ET"
EQT,"Eqt Corp",54.47,-0.4,-0.73%,651,53.6%,46.4%,"10:36 ET"
ECYT,"Endocyte Inc",16.89,0.39,+2.36%,647,71.7%,28.3%,"10:34 ET"
UBNT,"Ubiquiti Networks I",88.96,0.70999999999999,+0.80%,646,47.8%,52.2%,"10:35 ET"
TRTN,"Triton International Ltd",30.82,0.31,+1.02%,645,57.2%,42.8%,"10:36 ET"
XEC,"Cimarex Energy Co",97.03,-0.89,-0.91%,641,70.2%,29.8%,"10:35 ET"
SAND,"Sandstorm Gold Ltd",4.47,0.029999999999999,+0.68%,638,60.3%,39.7%,"10:31 ET"
FLO,"Flowers Foods",20.45,0.17,+0.84%,638,1.9%,98.1%,"10:33 ET"
NRZ,"New Residential Investment Corp",18.29,0.059999999999999,+0.33%,635,5.7%,94.3%,"10:33 ET"
PI,"Impinj Inc",23.94,-0.19,-0.79%,635,46.3%,53.7%,"10:34 ET"
VRNT,"Verint Systems Inc",48.05,-0.029999999999994,-0.06%,633,98.4%,1.6%,"10:33 ET"
HSIC,"Henry Schein Inc",73.88,-0.2,-0.27%,633,65.2%,34.8%,"10:36 ET"
PETS,"Petmed Express Inc",39.42,0.36,+0.92%,631,83.2%,16.8%,"10:31 ET"
FRC,"First Republic Bank",97.8,0.70999999999999,+0.73%,630,55.4%,44.6%,"10:35 ET"
HCA,"Hca Holdings Inc",107.86,1.03,+0.96%,629,62.5%,37.5%,"10:35 ET"
MLM,"Martin Marietta Materials",226.39,1.47,+0.65%,626,11.0%,89.0%,"10:35 ET"
ING,"VOYA Group N.V.",14.49,-0.24,-1.63%,625,82.2%,17.8%,"10:35 ET"
HOS,"Hornbeck Offshore Services",5.1,-0.17,-3.23%,622,74.3%,25.7%,"10:28 ET"
CPE,"Callon Petroleum Company",10.93,0.07,+0.64%,621,98.1%,1.9%,"10:35 ET"
INGR,"Ingredion Inc",97.51,-0.5,-0.51%,620,25.3%,74.7%,"10:24 ET"
CXO,"Concho Resources Inc",146.89,-0.97000000000003,-0.66%,620,53.9%,46.1%,"10:35 ET"
EC,"Ecopetrol S.A.",20.38,-0.11,-0.54%,619,88.4%,11.6%,"10:35 ET"
CY,"Cypress Semiconductr",16.52,0.030000000000001,+0.18%,618,81.6%,18.4%,"10:36 ET"
LYB,"Lyondellbasell Industries Nv",107,0.78,+0.73%,616,37.0%,63.0%,"10:36 ET"
RBS,"Royal Bank Scotland Group Plc",6.55,-0.02,-0.30%,615,55.4%,44.6%,"10:35 ET"
CARA,"Cara Therapeutics",21.34,0.18,+0.85%,615,70.1%,29.9%,"10:36 ET"
NBL,"Noble Energy Inc",34.2,-0.66,-1.89%,613,40.5%,59.5%,"10:35 ET"
IRDM,"Iridium Comm Inc",18.35,0.25,+1.38%,612,80.4%,19.6%,"10:33 ET"
BBL,"Bhp Billiton Plc",42.83,-0.25,-0.58%,609,91.5%,8.5%,"10:35 ET"
VICR,"Vicor Cp",51.15,0.45,+0.89%,607,72.2%,27.8%,"10:35 ET"
FLR,"Fluor Corp",48.43,0.34,+0.71%,604,54.0%,46.0%,"10:36 ET"
WEN,"Wendys Company",17.26,-0.18,-1.03%,601,53.6%,46.4%,"10:31 ET"
NGD,"New Gold Inc",1.95,0,unch,601,40.1%,59.9%,"10:36 ET"
NTRS,"Northern Trust Corp",105.42,-0.039999999999992,-0.04%,592,30.9%,69.1%,"10:34 ET"
TGH,"Textainer Group Holdings",14.9,-0.049999999999999,-0.33%,591,48.7%,51.3%,"10:32 ET"
SYY,"Sysco Corp",70.98,0.49000000000001,+0.70%,591,72.3%,27.7%,"10:35 ET"
FTK,"Flotek Industries",2.92,0.02,+0.69%,590,11.5%,88.5%,"10:35 ET"
ALNY,"Alnylam Pharmaceut",102.47,-0.29000000000001,-0.28%,588,64.8%,35.2%,"10:29 ET"
ATHM,"Autohome Inc",100.5,1.47,+1.48%,587,38.7%,61.3%,"10:35 ET"
PLAY,"Dave & Buster's Ente",48.6,0.59,+1.23%,586,59.0%,41.0%,"10:32 ET"
DRYS,"Dryships Inc",5.27,0.24,+4.77%,584,86.6%,13.4%,"10:34 ET"
SKT,"Tanger Factory Outlet Centers",23.59,0.33,+1.42%,583,56.8%,43.2%,"10:29 ET"
TPR,"Tapestry Inc",47.58,0.55,+1.17%,581,43.2%,56.8%,"10:35 ET"
SHOO,"Steven Maddens Ltd",54.7,1.75,+3.31%,579,1.2%,98.8%,"10:34 ET"
BREW,"Craft Brew Alliance",19.85,0.25,+1.28%,579,77.4%,22.6%,"10:20 ET"
STLD,"Steel Dynamics Inc",46.92,0.07,+0.15%,578,55.9%,44.1%,"10:35 ET"
A,"Agilent Technologies",62.45,-0.27,-0.43%,576,63.0%,37.0%,"10:36 ET"
NDLS,"Noodles & Co Cla",12.4,-0.049999999999999,-0.40%,574,42.5%,57.5%,"10:34 ET"
OMCL,"Omnicell Inc",54.3,1,+1.88%,571,1.6%,98.4%,"10:26 ET"
IDCC,"Interdigital Inc",83.15,-0.19999999999999,-0.24%,571,37.1%,62.9%,"10:28 ET"
GOV,"Government Properties Income Trust",15.66,-0.0099999999999998,-0.06%,570,61.4%,38.6%,"10:30 ET"
CBRL,"Cracker Barrel",150.14,0.41,+0.27%,569,33.7%,66.3%,"10:33 ET"
SIVB,"Svb Financial Grp",305.04,2.65,+0.88%,568,77.1%,22.9%,"10:35 ET"
ALKS,"Alkermes Plc",45.48,0.91,+2.04%,567,77.4%,22.6%,"10:34 ET"
XNET,"Xunlei Limited ADR",11.9,0.07,+0.59%,566,78.4%,21.6%,"10:32 ET"
TDOC,"Teladoc Inc",69.05,2,+2.98%,566,60.6%,39.4%,"10:35 ET"
KERX,"Keryx Biopharm Inc",4.62,0.09,+1.99%,565,93.6%,6.4%,"10:28 ET"
INSY,"Insys Theraptcs",7.63,0.11,+1.46%,565,45.0%,55.0%,"10:28 ET"
PAY,"Verifone Systems",22.89,0.02,+0.09%,564,73.2%,26.8%,"10:30 ET"
TXMD,"Therapeuticsmd Inc",6.72,0.14,+2.13%,563,96.4%,3.6%,"10:30 ET"
CTAS,"Cintas Corp",193.93,1.43,+0.74%,561,36.2%,63.8%,"10:29 ET"
FMI,"Foundation Medicine",136.77,0.070000000000022,+0.05%,561,62.2%,37.8%,"10:19 ET"
PAH,"Platform Specialty Products Corp",12.13,-0.069999999999999,-0.57%,560,62.0%,38.0%,"10:32 ET"
QTM,"Quantum Corp",1.82,-0.06,-3.19%,558,63.3%,36.7%,"10:34 ET"
TSEM,"Tower Semiconductor",21.46,-0.02,-0.09%,558,61.5%,38.5%,"10:35 ET"
BHF,"Brighthouse Financial Inc",41.22,0.060000000000002,+0.15%,557,77.6%,22.4%,"10:36 ET"
RGLD,"Royal Gold Inc",90.22,-0.41,-0.45%,556,68.3%,31.7%,"10:35 ET"
WM,"Waste Management",83.62,-0.14999999999999,-0.18%,551,48.1%,51.9%,"10:35 ET"
STT,"State Street Corp",93.32,0.11999999999999,+0.13%,551,47.4%,52.6%,"10:35 ET"
SC,"Santander Consumer USA Holdings",19.5,0.23,+1.19%,551,53.5%,46.5%,"10:35 ET"
WUBA,"58.Com Inc",65.82,0.63,+0.97%,546,63.4%,36.6%,"10:35 ET"
CERN,"Cerner Corp",60.82,-0.21,-0.34%,542,69.0%,31.0%,"10:35 ET"
SFL,"Ship Finance International",14.45,-0.050000000000001,-0.34%,541,93.5%,6.5%,"10:20 ET"
PBF,"PBF Energy Inc",42.46,0.2,+0.47%,536,24.8%,75.2%,"10:36 ET"
FLT,"Fleetcor Technologies",215.9,-0.28,-0.13%,536,48.5%,51.5%,"10:35 ET"
PTLA,"Portola Pharma",40.07,-0.21,-0.52%,533,66.8%,33.2%,"10:34 ET"
LLNW,"Limelight Networks",4.7,0.0099999999999998,+0.21%,532,97.7%,2.3%,"10:35 ET"
IR,"Ingersoll-Rand Plc [Ireland]",90.18,0.22000000000001,+0.24%,531,53.1%,46.9%,"10:36 ET"
WTTR,"Select Energy Services Inc",15.28,0.2,+1.33%,531,92.7%,7.3%,"10:35 ET"
NTR,"Nutrien Ltd",52.71,-0.030000000000001,-0.06%,529,59.2%,40.8%,"10:35 ET"
ATI,"Allegheny Technologies Inc",26.59,0.32,+1.22%,526,61.0%,39.0%,"10:34 ET"
ARRS,"Arris Group Inc",26.46,0.07,+0.27%,525,3.8%,96.2%,"10:30 ET"
PHG,"Koninklijke Philips Electronics",43.55,0.039999999999999,+0.09%,524,72.3%,27.7%,"10:36 ET"
UCTT,"Ultra Clean Holdings",16.11,0.039999999999999,+0.25%,523,84.5%,15.5%,"10:36 ET"
DQ,"Daqo New Energy",35.76,0.28,+0.79%,520,72.3%,27.7%,"10:35 ET"
ASML,"Asml Hldg NY Reg",201.21,1.13,+0.56%,518,73.2%,26.8%,"10:34 ET"
HPT,"Hospitality Properites Trust",28.73,0.02,+0.07%,517,73.9%,26.1%,"10:35 ET"
VTL,"Vital Therapies Inc",7.9,-0.05,-0.63%,517,2.7%,97.3%,"10:14 ET"
CRMD,"Cormedix Inc",0.26,0.01,+4.00%,517,77.0%,23.0%,"10:20 ET"
DVA,"Davita Healthcare Partners Inc",71.56,-0.14999999999999,-0.21%,515,71.8%,28.2%,"10:35 ET"
AJRD,"Aerojet Rocketdyne Holdings",30.46,0.050000000000001,+0.16%,514,67.5%,32.5%,"10:34 ET"
PH,"Parker-Hannifin Corp",157.65,-0.049999999999983,-0.03%,513,58.9%,41.1%,"10:35 ET"
HWCC,"Houston Wire Cable",8.15,0.15,+1.88%,513,0.8%,99.2%,"09:46 ET"
CHTR,"Charter Communicatio",303.41,-0.77999999999997,-0.26%,511,44.4%,55.6%,"10:33 ET"
XRAY,"Dentsply Sirona Inc",44.91,0.19,+0.42%,510,84.3%,15.7%,"10:36 ET"
MARK,"Remark Holdings Inc",4.39,0.14,+3.29%,507,88.8%,11.2%,"10:22 ET"
ALEX,"Alexander and Baldwin Inc",24.59,-0.010000000000002,-0.04%,505,99.4%,0.6%,"10:20 ET"
QCP,"Quality Care Properties Inc",20.39,0.010000000000002,+0.05%,505,92.7%,7.3%,"10:28 ET"
MIC,"Macquarie Infrastructure Company Trust",44.72,0.12,+0.27%,503,71.2%,28.8%,"10:34 ET"
VIA,"Viacom Inc Cl A",34.85,-0.1,-0.29%,503,100.0%,0.0%,"10:30 ET"
SCCO,"Southern Peru Copper Corp",44.85,0.13,+0.29%,501,72.5%,27.5%,"10:35 ET"
HCP,"HCP Inc",25.78,0.039999999999999,+0.16%,501,61.7%,38.3%,"10:35 ET"
RNWK,"Realnetworks Inc",3.74,0.04,+1.08%,500,100.0%,0.0%,07/17/18
DISCA,"Discovery Comm A",27.17,-0.18,-0.66%,500,91.8%,8.2%,"10:36 ET"
CE,"Celanese Corp",109.28,0.71000000000001,+0.65%,500,59.8%,40.2%,"10:35 ET"
FOLD,"Amicus Therapeutics",15.38,-0.039999999999999,-0.26%,499,85.6%,14.4%,"10:35 ET"
SMG,"Scotts Miracle-Gro Company",80.53,-3.06,-3.66%,497,66.4%,33.6%,"10:36 ET"
CYBR,"Cyberark Soft Ord",67.84,2,+3.04%,497,64.4%,35.6%,"10:36 ET"
YRCW,"YRC Worldwide",10.47,0.09,+0.87%,493,94.3%,5.7%,"10:35 ET"
FCN,"Fti Consulting",67.96,0.019999999999996,+0.03%,491,100.0%,0.0%,"10:33 ET"
TNXP,"Tonix Pharm Hldg",4.2,0.02,+0.48%,491,94.5%,5.5%,"10:36 ET"
BLMN,"Bloomin' Brands Inc",20.99,0.28,+1.35%,490,31.0%,69.0%,"10:36 ET"
GSAT,Globalstar,0.42,-0.02,-4.55%,484,100.0%,0.0%,"10:34 ET"
ICHR,"Ichor Holdings Ltd.",20.41,0.1,+0.49%,484,51.0%,49.0%,"10:35 ET"
YUMC,"Yum China Holdings Inc",36.69,0.19,+0.52%,482,50.8%,49.2%,"10:36 ET"
LNC,"Lincoln National Corp",64.61,0.3,+0.47%,481,41.8%,58.2%,"10:35 ET"
ANDV,Andeavor,135.94,0.87,+0.64%,481,81.7%,18.3%,"10:34 ET"
WEB,"Web.Com Group Inc",25.55,0.050000000000001,+0.20%,480,95.8%,4.2%,"10:18 ET"
FNJN,"Finjan Holdings",4.77,0.13,+2.80%,479,74.5%,25.5%,"10:35 ET"
ALSN,"Allison Transmission Holdings",41.43,0.2,+0.49%,477,54.3%,45.7%,"10:36 ET"
RP,"Realpage Inc",57.5,0.3,+0.52%,476,95.2%,4.8%,"10:29 ET"
PSTG,"Pure Storage Inc",24.27,0.16,+0.66%,475,82.5%,17.5%,"10:36 ET"
VOYA,"VOYA Financial Inc",47.98,0.049999999999997,+0.10%,473,9.9%,90.1%,"10:35 ET"
VIAB,"Viacom Inc Cl B",29.7,0.009999999999998,+0.03%,473,57.3%,42.7%,"10:35 ET"
EQIX,"Equinix Inc",439.12,-0.65999999999997,-0.15%,473,72.9%,27.1%,"10:35 ET"
URBN,"Urban Outfitters Inc",45.35,0.87,+1.96%,472,35.4%,64.6%,"10:35 ET"
NGVC,"Natural Grocers By Vitamin Cottage Inc",15.45,-0.39,-2.46%,472,71.6%,28.4%,"10:24 ET"
EEP,"Enbridge Energy LP",10.83,-0.1,-0.91%,469,83.2%,16.8%,"10:34 ET"
TGNA,"Tegna Inc",11.23,0.1,+0.90%,468,5.6%,94.4%,"10:36 ET"
IDT,"IDT Corp",5.58,0.02,+0.36%,466,19.5%,80.5%,"10:28 ET"
XIN,"Xinyuan Real Estate Co Ltd",4.93,-0.03,-0.60%,465,91.4%,8.6%,"10:35 ET"
NCLH,"Norwegian Cruise Ord",47.38,0.19,+0.40%,465,61.9%,38.1%,"10:35 ET"
FCEL,"Fuelcell Energy Inc",1.32,0,unch,465,9.0%,91.0%,"10:20 ET"
OI,Owens-Illinois,16.54,-0.039999999999999,-0.24%,464,36.4%,63.6%,"10:36 ET"
SLG,"SL Green Realty Corp",101.62,-0.33999999999999,-0.33%,461,35.6%,64.4%,"10:25 ET"
COHR,"Coherent Inc",162.22,2.04,+1.27%,460,46.7%,53.3%,"10:33 ET"
TKR,"Timken Company",43.45,-0.099999999999994,-0.23%,458,48.0%,52.0%,"10:33 ET"
SDT,"Sandridge Mississippian Trust I",1.94,-0.01,-0.54%,457,21.0%,79.0%,"10:14 ET"
SMPL,"The Simply Good Foods Company",16.99,0.24,+1.43%,455,20.2%,79.8%,"10:32 ET"
ZTS,"Zoetis Inc Class A",84.57,-0.010000000000005,-0.01%,454,81.9%,18.1%,"10:36 ET"
KRO,"Kronos Worldwide Inc",21.94,0.21,+0.97%,454,45.8%,54.2%,"10:25 ET"
ZIOP,"Ziopharm Oncology In",3.2,0.06,+1.91%,453,72.0%,28.0%,"10:31 ET"
GRMN,"Garmin Ltd",63.77,0.33000000000001,+0.52%,453,63.4%,36.6%,"10:33 ET"
"Downloaded from Barchart.com as of 07-17-2018 09:36am CDT"
